observer_badge,observer_id,cert_level
B0001,2001,Trainee
B0002,2002,Certified
B0003,2003,Certified
B0004,2004,Certified
B0005,2005,Certified
B0006,2006,Certified
B0007,2007,Certified
B0008,2008,Certified
B0009,2009,Trainee
B0010,2010,Certified
B0011,2011,Certified
B0012,2012,Trainee
B0013,2013,Certified
B0014,2014,Certified
B0015,2015,Certified
B0016,2016,Senior
B0017,2017,Trainee
B0018,2018,Trainee
B0019,2019,Certified
B0020,2020,Trainee
B0021,2021,Trainee
B0022,2022,Certified
B0023,2023,Trainee
B0024,2024,Certified
B0025,2025,Senior
B0026,2026,Trainee
B0027,2027,Certified
B0028,2028,Certified
B0029,2029,Senior
B0030,2030,Certified
B0031,2031,Trainee
B0032,2032,Senior
B0033,2033,Senior
B0034,2034,Trainee
B0035,2035,Certified
B0036,2036,Certified
B0037,2037,Certified
B0038,2038,Trainee
B0039,2039,Certified
B0040,2040,Certified
B0041,2041,Certified
B0042,2042,Trainee
B0043,2043,Trainee
B0044,2044,Certified
B0045,2045,Certified
B0046,2046,Trainee
B0047,2047,Trainee
B0048,2048,Certified
B0049,2049,Trainee
B0050,2050,Trainee
B0051,2051,Trainee
B0052,2052,Certified
B0053,2053,Certified
B0054,2054,Certified
B0055,2055,Trainee
B0056,2056,Certified
B0057,2057,Certified
B0058,2058,Senior
B0059,2059,Senior
B0060,2060,Trainee
B0061,2061,Trainee
B0062,2062,Certified
B0063,2063,Senior
B0064,2064,Certified
B0065,2065,Certified
B0066,2066,Senior
B0067,2067,Certified
B0068,2068,Senior
B0069,2069,Trainee
B0070,2070,Certified
B0071,2071,Certified
B0072,2072,Trainee
B0073,2073,Senior
B0074,2074,Trainee
B0075,2075,Certified
B0076,2076,Trainee
B0077,2077,Certified
B0078,2078,Certified
B0079,2079,Trainee
B0080,2080,Certified
B0081,2081,Certified
B0082,2082,Certified
B0083,2083,Certified
B0084,2084,Trainee
B0085,2085,Trainee
B0086,2086,Certified
B0087,2087,Certified
B0088,2088,Trainee
B0089,2089,Senior
B0090,2090,Certified
B0091,2091,Trainee
B0092,2092,Certified
B0093,2093,Trainee
B0094,2094,Certified
B0095,2095,Certified
B0096,2096,Certified
B0097,2097,Senior
B0098,2098,Certified
B0099,2099,Certified
B0100,2100,Certified
B0101,2101,Certified
B0102,2102,Trainee
B0103,2103,Certified
B0104,2104,Senior
B0105,2105,Certified
B0106,2106,Certified
B0107,2107,Certified
B0108,2108,Certified
B0109,2109,Certified
B0110,2110,Trainee
B0111,2111,Senior
B0112,2112,Senior
B0113,2113,Certified
B0114,2114,Certified
B0115,2115,Trainee
B0116,2116,Senior
B0117,2117,Certified
B0118,2118,Certified
B0119,2119,Certified
B0120,2120,Trainee
B0121,2121,Certified
B0122,2122,Trainee
B0123,2123,Certified
B0124,2124,Trainee
B0125,2125,Senior
B0126,2126,Certified
B0127,2127,Certified
B0128,2128,Trainee
B0129,2129,Certified
B0130,2130,Certified
B0131,2131,Certified
B0132,2132,Trainee
B0133,2133,Certified
B0134,2134,Trainee
B0135,2135,Certified
B0136,2136,Certified
B0137,2137,Certified
B0138,2138,Certified
B0139,2139,Certified
B0140,2140,Certified
B0141,2141,Certified
B0142,2142,Certified
B0143,2143,Senior
B0144,2144,Certified
B0145,2145,Trainee
B0146,2146,Certified
B0147,2147,Certified
B0148,2148,Certified
B0149,2149,Certified
B0150,2150,Certified
B0151,2151,Senior
B0152,2152,Trainee
B0153,2153,Certified
B0154,2154,Certified
B0155,2155,Trainee
B0156,2156,Certified
B0157,2157,Certified
B0158,2158,Senior
B0159,2159,Certified
B0160,2160,Certified
B0161,2161,Senior
B0162,2162,Trainee
B0163,2163,Trainee
B0164,2164,Certified
B0165,2165,Certified
B0166,2166,Certified
B0167,2167,Senior
B0168,2168,Certified
B0169,2169,Senior
B0170,2170,Certified
B0171,2171,Certified
B0172,2172,Trainee
B0173,2173,Trainee
B0174,2174,Senior
B0175,2175,Certified
B0176,2176,Trainee
B0177,2177,Certified
B0178,2178,Senior
B0179,2179,Trainee
B0180,2180,Certified
B0181,2181,Trainee
B0182,2182,Senior
B0183,2183,Certified
B0184,2184,Trainee
B0185,2185,Senior
B0186,2186,Certified
B0187,2187,Certified
B0188,2188,Certified
B0189,2189,Trainee
B0190,2190,Trainee
B0191,2191,Trainee
B0192,2192,Trainee
B0193,2193,Trainee
B0194,2194,Trainee
B0195,2195,Senior
B0196,2196,Trainee
B0197,2197,Certified
B0198,2198,Trainee
B0199,2199,Trainee
B0200,2200,Certified
B0201,2201,Senior
B0202,2202,Certified
B0203,2203,Trainee
B0204,2204,Senior
B0205,2205,Trainee
B0206,2206,Certified
B0207,2207,Certified
B0208,2208,Senior
B0209,2209,Certified
B0210,2210,Certified
B0211,2211,Certified
B0212,2212,Certified
B0213,2213,Senior
B0214,2214,Senior
B0215,2215,Certified
B0216,2216,Trainee
B0217,2217,Certified
B0218,2218,Certified
B0219,2219,Certified
B0220,2220,Certified
B0221,2221,Trainee
B0222,2222,Certified
B0223,2223,Certified
B0224,2224,Certified
B0225,2225,Trainee
B0226,2226,Certified
B0227,2227,Trainee
B0228,2228,Trainee
B0229,2229,Senior
B0230,2230,Certified
B0231,2231,Senior
B0232,2232,Certified
B0233,2233,Trainee
B0234,2234,Certified
B0235,2235,Trainee
B0236,2236,Certified
B0237,2237,Trainee
B0238,2238,Certified
B0239,2239,Trainee
B0240,2240,Certified
B0241,2241,Senior
B0242,2242,Certified
B0243,2243,Certified
B0244,2244,Certified
B0245,2245,Trainee
B0246,2246,Certified
B0247,2247,Senior
B0248,2248,Trainee
B0249,2249,Certified
B0250,2250,Certified
B0251,2251,Certified
B0252,2252,Trainee
B0253,2253,Certified
B0254,2254,Certified
B0255,2255,Certified
B0256,2256,Trainee
B0257,2257,Certified
B0258,2258,Trainee
B0259,2259,Certified
B0260,2260,Certified
B0261,2261,Trainee
B0262,2262,Certified
B0263,2263,Certified
B0264,2264,Certified
B0265,2265,Senior
B0266,2266,Certified
B0267,2267,Trainee
B0268,2268,Trainee
B0269,2269,Certified
B0270,2270,Certified
B0271,2271,Certified
B0272,2272,Certified
B0273,2273,Certified
B0274,2274,Trainee
B0275,2275,Certified
B0276,2276,Certified
B0277,2277,Certified
B0278,2278,Senior
B0279,2279,Trainee
B0280,2280,Certified
B0281,2281,Certified
B0282,2282,Certified
B0283,2283,Certified
B0284,2284,Senior
B0285,2285,Certified
B0286,2286,Certified
B0287,2287,Certified
B0288,2288,Certified
B0289,2289,Senior
B0290,2290,Certified
B0291,2291,Certified
B0292,2292,Certified
B0293,2293,Certified
B0294,2294,Certified
B0295,2295,Certified
B0296,2296,Senior
B0297,2297,Certified
B0298,2298,Trainee
B0299,2299,Certified
B0300,2300,Senior
B0301,2301,Certified
B0302,2302,Certified
B0303,2303,Certified
B0304,2304,Certified
B0305,2305,Senior
B0306,2306,Trainee
B0307,2307,Senior
B0308,2308,Senior
B0309,2309,Trainee
B0310,2310,Certified
B0311,2311,Certified
B0312,2312,Certified
B0313,2313,Senior
B0314,2314,Senior
B0315,2315,Certified
B0316,2316,Trainee
B0317,2317,Certified
B0318,2318,Certified
B0319,2319,Certified
B0320,2320,Trainee
B0321,2321,Certified
B0322,2322,Senior
B0323,2323,Senior
B0324,2324,Senior
B0325,2325,Senior
B0326,2326,Senior
B0327,2327,Trainee
B0328,2328,Senior
B0329,2329,Certified
B0330,2330,Certified
B0331,2331,Certified
B0332,2332,Senior
B0333,2333,Certified
B0334,2334,Certified
B0335,2335,Certified
B0336,2336,Senior
B0337,2337,Certified
B0338,2338,Trainee
B0339,2339,Trainee
B0340,2340,Certified
B0341,2341,Trainee
B0342,2342,Certified
B0343,2343,Trainee
B0344,2344,Certified
B0345,2345,Senior
B0346,2346,Certified
B0347,2347,Trainee
B0348,2348,Trainee
B0349,2349,Certified
B0350,2350,Certified
B0351,2351,Certified
B0352,2352,Certified
B0353,2353,Certified
B0354,2354,Trainee
B0355,2355,Senior
B0356,2356,Certified
B0357,2357,Certified
B0358,2358,Certified
B0359,2359,Certified
B0360,2360,Certified
B0361,2361,Certified
B0362,2362,Certified
B0363,2363,Senior
B0364,2364,Certified
B0365,2365,Certified
B0366,2366,Trainee
B0367,2367,Certified
B0368,2368,Certified
B0369,2369,Trainee
B0370,2370,Certified
B0371,2371,Trainee
B0372,2372,Trainee
B0373,2373,Certified
B0374,2374,Certified
B0375,2375,Certified
B0376,2376,Trainee
B0377,2377,Trainee
B0378,2378,Trainee
B0379,2379,Trainee
B0380,2380,Trainee
B0381,2381,Senior
B0382,2382,Senior
B0383,2383,Trainee
B0384,2384,Certified
B0385,2385,Senior
B0386,2386,Certified
B0387,2387,Certified
B0388,2388,Certified
B0389,2389,Certified
B0390,2390,Certified
B0391,2391,Certified
B0392,2392,Certified
B0393,2393,Certified
B0394,2394,Trainee
B0395,2395,Certified
B0396,2396,Senior
B0397,2397,Trainee
B0398,2398,Certified
B0399,2399,Certified
B0400,2400,Certified
,9998,Senior
,9999,Certified
