,bird_id,common_name,family,field_guide_region
0,B00001,Sparrow,Warbler,Canyon Pass
1,B00002,Goldfinch,Warbler,Canyon Pass
2,B00003,Jay,Gull,North Rim
3,B00004,Heron,Warbler,Canyon Pass
4,B00005,Heron,Woodpecker,South Rim
5,B00006,Pelican,Woodpecker,South Rim
6,B00007,Sparrow,Woodpecker,South Rim
7,B00008,Chickadee,Woodpecker,Meadow Loop
8,B00009,Hawk,Warbler,Meadow Loop
9,B00010,Sparrow,Warbler,River Trail
10,B00011,Falcon,Raptor,North Rim
11,B00012,Kestrel,Finch,Canyon Pass
12,B00013,Chickadee,Woodpecker,South Rim
13,B00014,Chickadee,Owl,North Rim
14,B00015,Chickadee,Gull,River Trail
15,B00016,Goldfinch,Woodpecker,River Trail
16,B00017,Falcon,Gull,Meadow Loop
17,B00018,Sparrow,Raptor,Canyon Pass
18,B00019,Goldfinch,Raptor,North Rim
19,B00020,Heron,Finch,South Rim
20,B00021,Falcon,Thrush,River Trail
21,B00022,Robin,Owl,Meadow Loop
22,B00023,Hawk,Gull,Meadow Loop
23,B00024,Kestrel,Owl,South Rim
24,B00025,Goldfinch,Finch,Meadow Loop
25,B00026,Jay,Owl,Canyon Pass
26,B00027,Heron,Woodpecker,River Trail
27,B00028,Goldfinch,Finch,Canyon Pass
28,B00029,Swallow,Finch,Meadow Loop
29,B00030,Heron,Thrush,South Rim
30,B00031,Heron,Owl,South Rim
31,B00032,Hawk,Woodpecker,Meadow Loop
32,B00033,Sparrow,Gull,South Rim
33,B00034,Swallow,Woodpecker,South Rim
34,B00035,Pelican,Woodpecker,South Rim
35,B00036,Bluebird,Owl,Meadow Loop
36,B00037,Pelican,Finch,South Rim
37,B00038,Goldfinch,Thrush,Meadow Loop
38,B00039,Wren,Thrush,Canyon Pass
39,B00040,Jay,Warbler,Canyon Pass
40,B00041,Hawk,Finch,Canyon Pass
41,B00042,Chickadee,Owl,North Rim
42,B00043,Chickadee,Finch,River Trail
43,B00044,Robin,Thrush,South Rim
44,B00045,Bluebird,Warbler,Canyon Pass
45,B00046,Kestrel,Woodpecker,Meadow Loop
46,B00047,Heron,Woodpecker,South Rim
47,B00048,Pelican,Raptor,River Trail
48,B00049,Jay,Owl,Meadow Loop
49,B00050,Goldfinch,Owl,River Trail
50,B00051,Chickadee,Woodpecker,River Trail
51,B00052,Hawk,Woodpecker,North Rim
52,B00053,Robin,Gull,River Trail
53,B00054,Falcon,Raptor,South Rim
54,B00055,Falcon,Gull,Canyon Pass
55,B00056,Bluebird,Raptor,Canyon Pass
56,B00057,Swallow,Raptor,Meadow Loop
57,B00058,Hawk,Gull,North Rim
58,B00059,Chickadee,Finch,Canyon Pass
59,B00060,Jay,Gull,South Rim
60,B00061,Pelican,Raptor,River Trail
61,B00062,Chickadee,Raptor,Canyon Pass
62,B00063,Robin,Thrush,Canyon Pass
63,B00064,Kestrel,Gull,North Rim
64,B00065,Heron,Gull,South Rim
65,B00066,Robin,Woodpecker,Meadow Loop
66,B00067,Pelican,Finch,River Trail
67,B00068,Robin,Finch,South Rim
68,B00069,Bluebird,Thrush,River Trail
69,B00070,Falcon,Warbler,Canyon Pass
70,B00071,Goldfinch,Raptor,South Rim
71,B00072,Hawk,Raptor,Meadow Loop
72,B00073,Falcon,Raptor,Meadow Loop
73,B00074,Sparrow,Raptor,Canyon Pass
74,B00075,Jay,Owl,South Rim
75,B00076,Falcon,Thrush,South Rim
76,B00077,Robin,Raptor,River Trail
77,B00078,Hawk,Warbler,River Trail
78,B00079,Swallow,Raptor,River Trail
79,B00080,Jay,Gull,Meadow Loop
80,B00081,Kestrel,Thrush,Meadow Loop
81,B00082,Heron,Raptor,South Rim
82,B00083,Hawk,Thrush,Meadow Loop
83,B00084,Goldfinch,Woodpecker,South Rim
84,B00085,Jay,Owl,River Trail
85,B00086,Chickadee,Warbler,North Rim
86,B00087,Sparrow,Warbler,South Rim
87,B00088,Robin,Thrush,Canyon Pass
88,B00089,Chickadee,Finch,River Trail
89,B00090,Goldfinch,Owl,Meadow Loop
90,B00091,Heron,Gull,North Rim
91,B00092,Goldfinch,Woodpecker,Meadow Loop
92,B00093,Goldfinch,Raptor,South Rim
93,B00094,Heron,Warbler,Meadow Loop
94,B00095,Pelican,Finch,Canyon Pass
95,B00096,Wren,Warbler,River Trail
96,B00097,Wren,Woodpecker,North Rim
97,B00098,Jay,Warbler,River Trail
98,B00099,Jay,Finch,North Rim
99,B00100,Sparrow,Finch,River Trail
100,B00101,Goldfinch,Thrush,North Rim
101,B00102,Hawk,Finch,Meadow Loop
102,B00103,Goldfinch,Finch,South Rim
103,B00104,Bluebird,Warbler,South Rim
104,B00105,Goldfinch,Thrush,North Rim
105,B00106,Goldfinch,Thrush,Canyon Pass
106,B00107,Goldfinch,Thrush,Canyon Pass
107,B00108,Jay,Finch,Canyon Pass
108,B00109,Falcon,Thrush,North Rim
109,B00110,Chickadee,Woodpecker,South Rim
110,B00111,Wren,Warbler,Canyon Pass
111,B00112,Goldfinch,Gull,River Trail
112,B00113,Swallow,Gull,North Rim
113,B00114,Heron,Finch,North Rim
114,B00115,Falcon,Woodpecker,South Rim
115,B00116,Swallow,Thrush,Canyon Pass
116,B00117,Bluebird,Warbler,North Rim
117,B00118,Sparrow,Warbler,Canyon Pass
118,B00119,Wren,Thrush,Meadow Loop
119,B00120,Sparrow,Raptor,Canyon Pass
120,B00121,Heron,Raptor,Canyon Pass
121,B00122,Jay,Owl,South Rim
122,B00123,Jay,Raptor,Canyon Pass
123,B00124,Falcon,Woodpecker,North Rim
124,B00125,Pelican,Owl,South Rim
125,B00126,Swallow,Woodpecker,South Rim
126,B00127,Sparrow,Thrush,North Rim
127,B00128,Chickadee,Woodpecker,North Rim
128,B00129,Swallow,Gull,North Rim
129,B00130,Jay,Woodpecker,North Rim
130,B00131,Swallow,Raptor,South Rim
131,B00132,Swallow,Woodpecker,North Rim
132,B00133,Sparrow,Gull,North Rim
133,B00134,Swallow,Thrush,Canyon Pass
134,B00135,Goldfinch,Raptor,North Rim
135,B00136,Wren,Thrush,North Rim
136,B00137,Swallow,Woodpecker,North Rim
137,B00138,Bluebird,Raptor,North Rim
138,B00139,Robin,Warbler,River Trail
139,B00140,Heron,Finch,Canyon Pass
140,B00141,Kestrel,Raptor,Meadow Loop
141,B00142,Hawk,Thrush,River Trail
142,B00143,Wren,Owl,North Rim
143,B00144,Heron,Owl,Meadow Loop
144,B00145,Kestrel,Owl,North Rim
145,B00146,Pelican,Gull,Meadow Loop
146,B00147,Bluebird,Raptor,River Trail
147,B00148,Wren,Finch,Canyon Pass
148,B00149,Goldfinch,Finch,South Rim
149,B00150,Bluebird,Warbler,Meadow Loop
150,B00151,Pelican,Thrush,River Trail
151,B00152,Wren,Warbler,River Trail
152,B00153,Pelican,Finch,Canyon Pass
153,B00154,Wren,Warbler,Meadow Loop
154,B00155,Heron,Thrush,River Trail
155,B00156,Jay,Owl,River Trail
156,B00157,Sparrow,Raptor,Meadow Loop
157,B00158,Swallow,Gull,South Rim
158,B00159,Falcon,Finch,North Rim
159,B00160,Goldfinch,Owl,River Trail
160,B00161,Kestrel,Owl,North Rim
161,B00162,Jay,Raptor,North Rim
162,B00163,Heron,Owl,River Trail
163,B00164,Heron,Raptor,Meadow Loop
164,B00165,Heron,Owl,Meadow Loop
165,B00166,Goldfinch,Raptor,South Rim
166,B00167,Robin,Thrush,River Trail
167,B00168,Hawk,Owl,North Rim
168,B00169,Robin,Thrush,Meadow Loop
169,B00170,Bluebird,Owl,South Rim
170,B00171,Sparrow,Thrush,Meadow Loop
171,B00172,Sparrow,Warbler,Canyon Pass
172,B00173,Goldfinch,Gull,Meadow Loop
173,B00174,Chickadee,Woodpecker,South Rim
174,B00175,Chickadee,Raptor,Canyon Pass
175,B00176,Falcon,Thrush,Meadow Loop
176,B00177,Chickadee,Warbler,Meadow Loop
177,B00178,Hawk,Woodpecker,Canyon Pass
178,B00179,Pelican,Owl,Canyon Pass
179,B00180,Falcon,Thrush,North Rim
180,B00181,Kestrel,Raptor,Canyon Pass
181,B00182,Sparrow,Warbler,Meadow Loop
182,B00183,Falcon,Warbler,South Rim
183,B00184,Chickadee,Owl,South Rim
184,B00185,Falcon,Gull,Meadow Loop
185,B00186,Heron,Warbler,South Rim
186,B00187,Hawk,Gull,River Trail
187,B00188,Robin,Raptor,Meadow Loop
188,B00189,Wren,Thrush,Meadow Loop
189,B00190,Wren,Finch,Canyon Pass
190,B00191,Jay,Warbler,North Rim
191,B00192,Jay,Warbler,South Rim
192,B00193,Swallow,Woodpecker,Canyon Pass
193,B00194,Robin,Gull,River Trail
194,B00195,Kestrel,Thrush,South Rim
195,B00196,Sparrow,Owl,South Rim
196,B00197,Robin,Gull,South Rim
197,B00198,Sparrow,Woodpecker,River Trail
198,B00199,Robin,Owl,South Rim
199,B00200,Kestrel,Raptor,Meadow Loop
200,B00201,Robin,Finch,River Trail
201,B00202,Pelican,Finch,Meadow Loop
202,B00203,Falcon,Owl,North Rim
203,B00204,Chickadee,Warbler,Meadow Loop
204,B00205,Heron,Raptor,Canyon Pass
205,B00206,Wren,Warbler,North Rim
206,B00207,Chickadee,Raptor,South Rim
207,B00208,Kestrel,Warbler,Meadow Loop
208,B00209,Wren,Thrush,Meadow Loop
209,B00210,Goldfinch,Woodpecker,Meadow Loop
210,B00211,Wren,Thrush,River Trail
211,B00212,Chickadee,Woodpecker,Meadow Loop
212,B00213,Goldfinch,Thrush,Meadow Loop
213,B00214,Heron,Owl,North Rim
214,B00215,Chickadee,Raptor,Meadow Loop
215,B00216,Wren,Finch,River Trail
216,B00217,Sparrow,Warbler,North Rim
217,B00218,Sparrow,Finch,River Trail
218,B00219,Heron,Finch,River Trail
219,B00220,Pelican,Finch,North Rim
220,B00221,Sparrow,Raptor,Canyon Pass
221,B00222,Heron,Finch,South Rim
222,B00223,Chickadee,Owl,South Rim
223,B00224,Hawk,Finch,River Trail
224,B00225,Chickadee,Raptor,Canyon Pass
225,B00226,Wren,Thrush,Meadow Loop
226,B00227,Goldfinch,Raptor,Meadow Loop
227,B00228,Swallow,Thrush,South Rim
228,B00229,Swallow,Warbler,Canyon Pass
229,B00230,Hawk,Woodpecker,Canyon Pass
230,B00231,Falcon,Thrush,River Trail
231,B00232,Pelican,Finch,River Trail
232,B00233,Bluebird,Owl,North Rim
233,B00234,Chickadee,Woodpecker,Meadow Loop
234,B00235,Falcon,Warbler,Canyon Pass
235,B00236,Chickadee,Warbler,River Trail
236,B00237,Jay,Raptor,River Trail
237,B00238,Heron,Finch,River Trail
238,B00239,Robin,Woodpecker,North Rim
239,B00240,Jay,Warbler,Meadow Loop
240,B00241,Sparrow,Warbler,Meadow Loop
241,B00242,Swallow,Warbler,Canyon Pass
242,B00243,Sparrow,Woodpecker,Canyon Pass
243,B00244,Jay,Thrush,River Trail
244,B00245,Jay,Raptor,Canyon Pass
245,B00246,Sparrow,Thrush,River Trail
246,B00247,Chickadee,Warbler,Meadow Loop
247,B00248,Heron,Woodpecker,Meadow Loop
248,B00249,Goldfinch,Thrush,Canyon Pass
249,B00250,Bluebird,Raptor,Meadow Loop
250,B00251,Hawk,Woodpecker,North Rim
251,B00252,Falcon,Gull,North Rim
252,B00253,Hawk,Thrush,River Trail
253,B00254,Robin,Finch,River Trail
254,B00255,Jay,Woodpecker,Meadow Loop
255,B00256,Sparrow,Raptor,River Trail
256,B00257,Jay,Finch,River Trail
257,B00258,Sparrow,Finch,Canyon Pass
258,B00259,Hawk,Gull,South Rim
259,B00260,Swallow,Warbler,River Trail
260,B00261,Goldfinch,Owl,River Trail
261,B00262,Hawk,Woodpecker,River Trail
262,B00263,Wren,Thrush,Canyon Pass
263,B00264,Kestrel,Owl,Canyon Pass
264,B00265,Kestrel,Owl,River Trail
265,B00266,Swallow,Owl,River Trail
266,B00267,Heron,Raptor,River Trail
267,B00268,Robin,Finch,North Rim
268,B00269,Swallow,Owl,River Trail
269,B00270,Swallow,Warbler,South Rim
270,B00271,Wren,Owl,North Rim
271,B00272,Bluebird,Woodpecker,North Rim
272,B00273,Sparrow,Gull,River Trail
273,B00274,Kestrel,Raptor,North Rim
274,B00275,Heron,Finch,Meadow Loop
275,B00276,Falcon,Thrush,River Trail
276,B00277,Falcon,Woodpecker,South Rim
277,B00278,Goldfinch,Raptor,Meadow Loop
278,B00279,Bluebird,Thrush,River Trail
279,B00280,Sparrow,Owl,Meadow Loop
280,B00281,Wren,Gull,Meadow Loop
281,B00282,Falcon,Gull,North Rim
282,B00283,Jay,Thrush,South Rim
283,B00284,Falcon,Owl,River Trail
284,B00285,Heron,Gull,Canyon Pass
285,B00286,Kestrel,Owl,North Rim
286,B00287,Hawk,Owl,North Rim
287,B00288,Swallow,Warbler,Canyon Pass
288,B00289,Swallow,Warbler,Canyon Pass
289,B00290,Falcon,Woodpecker,North Rim
290,B00291,Goldfinch,Finch,River Trail
291,B00292,Wren,Finch,Meadow Loop
292,B00293,Kestrel,Raptor,North Rim
293,B00294,Robin,Gull,South Rim
294,B00295,Swallow,Owl,South Rim
295,B00296,Falcon,Thrush,Meadow Loop
296,B00297,Pelican,Finch,South Rim
297,B00298,Heron,Woodpecker,River Trail
298,B00299,Wren,Warbler,South Rim
299,B00300,Bluebird,Warbler,Meadow Loop
300,B00301,Robin,Woodpecker,North Rim
301,B00302,Goldfinch,Thrush,South Rim
302,B00303,Bluebird,Raptor,South Rim
303,B00304,Pelican,Finch,Canyon Pass
304,B00305,Swallow,Owl,Canyon Pass
305,B00306,Sparrow,Thrush,River Trail
306,B00307,Wren,Finch,North Rim
307,B00308,Swallow,Warbler,Meadow Loop
308,B00309,Robin,Owl,River Trail
309,B00310,Sparrow,Gull,Canyon Pass
310,B00311,Jay,Finch,South Rim
311,B00312,Jay,Raptor,Canyon Pass
312,B00313,Sparrow,Warbler,Canyon Pass
313,B00314,Wren,Woodpecker,South Rim
314,B00315,Wren,Gull,Meadow Loop
315,B00316,Jay,Raptor,South Rim
316,B00317,Chickadee,Raptor,South Rim
317,B00318,Chickadee,Owl,South Rim
318,B00319,Kestrel,Owl,Meadow Loop
319,B00320,Chickadee,Finch,South Rim
320,B00321,Robin,Raptor,Meadow Loop
321,B00322,Sparrow,Gull,River Trail
322,B00323,Swallow,Gull,Meadow Loop
323,B00324,Pelican,Gull,Canyon Pass
324,B00325,Kestrel,Thrush,North Rim
325,B00326,Hawk,Finch,Canyon Pass
326,B00327,Wren,Gull,North Rim
327,B00328,Bluebird,Woodpecker,River Trail
328,B00329,Sparrow,Finch,South Rim
329,B00330,Swallow,Raptor,Meadow Loop
330,B00331,Swallow,Finch,Meadow Loop
331,B00332,Robin,Warbler,Canyon Pass
332,B00333,Robin,Thrush,River Trail
333,B00334,Goldfinch,Gull,Canyon Pass
334,B00335,Heron,Woodpecker,South Rim
335,B00336,Goldfinch,Owl,South Rim
336,B00337,Kestrel,Gull,South Rim
337,B00338,Robin,Thrush,River Trail
338,B00339,Hawk,Woodpecker,Meadow Loop
339,B00340,Kestrel,Finch,Canyon Pass
340,B00341,Jay,Raptor,South Rim
341,B00342,Wren,Woodpecker,South Rim
342,B00343,Jay,Owl,Canyon Pass
343,B00344,Falcon,Owl,River Trail
344,B00345,Pelican,Warbler,South Rim
345,B00346,Wren,Woodpecker,Canyon Pass
346,B00347,Kestrel,Finch,River Trail
347,B00348,Kestrel,Finch,Canyon Pass
348,B00349,Hawk,Owl,Canyon Pass
349,B00350,Hawk,Gull,Canyon Pass
350,B00351,Falcon,Warbler,River Trail
351,B00352,Bluebird,Raptor,Meadow Loop
352,B00353,Wren,Raptor,Canyon Pass
353,B00354,Heron,Woodpecker,South Rim
354,B00355,Kestrel,Owl,North Rim
355,B00356,Kestrel,Raptor,South Rim
356,B00357,Sparrow,Owl,Meadow Loop
357,B00358,Pelican,Owl,River Trail
358,B00359,Sparrow,Raptor,North Rim
359,B00360,Chickadee,Raptor,River Trail
360,B00361,Goldfinch,Woodpecker,North Rim
361,B00362,Pelican,Finch,River Trail
362,B00363,Hawk,Warbler,River Trail
363,B00364,Pelican,Owl,Meadow Loop
364,B00365,Sparrow,Gull,River Trail
365,B00366,Falcon,Finch,River Trail
366,B00367,Falcon,Owl,Meadow Loop
367,B00368,Robin,Woodpecker,Meadow Loop
368,B00369,Bluebird,Raptor,Canyon Pass
369,B00370,Goldfinch,Raptor,South Rim
370,B00371,Robin,Warbler,River Trail
371,B00372,Jay,Gull,South Rim
372,B00373,Heron,Raptor,River Trail
373,B00374,Robin,Raptor,North Rim
374,B00375,Pelican,Gull,River Trail
375,B00376,Sparrow,Raptor,North Rim
376,B00377,Chickadee,Finch,River Trail
377,B00378,Chickadee,Finch,Canyon Pass
378,B00379,Robin,Warbler,Canyon Pass
379,B00380,Wren,Thrush,River Trail
380,B00381,Bluebird,Owl,North Rim
381,B00382,Kestrel,Thrush,South Rim
382,B00383,Kestrel,Raptor,North Rim
383,B00384,Wren,Gull,Meadow Loop
384,B00385,Bluebird,Thrush,Canyon Pass
385,B00386,Sparrow,Gull,River Trail
386,B00387,Bluebird,Owl,North Rim
387,B00388,Goldfinch,Gull,North Rim
388,B00389,Pelican,Raptor,Canyon Pass
389,B00390,Sparrow,Thrush,South Rim
390,B00391,Chickadee,Woodpecker,North Rim
391,B00392,Hawk,Raptor,North Rim
392,B00393,Robin,Owl,South Rim
393,B00394,Swallow,Warbler,Meadow Loop
394,B00395,Chickadee,Warbler,Canyon Pass
395,B00396,Pelican,Owl,South Rim
396,B00397,Bluebird,Woodpecker,Meadow Loop
397,B00398,Hawk,Woodpecker,North Rim
398,B00399,Wren,Owl,North Rim
399,B00400,Robin,Warbler,North Rim
400,B00401,Kestrel,Woodpecker,Canyon Pass
401,B00402,Goldfinch,Gull,River Trail
402,B00403,Robin,Warbler,Canyon Pass
403,B00404,Kestrel,Thrush,North Rim
404,B00405,Falcon,Woodpecker,North Rim
405,B00406,Falcon,Warbler,Canyon Pass
406,B00407,Heron,Owl,North Rim
407,B00408,Sparrow,Thrush,North Rim
408,B00409,Kestrel,Warbler,River Trail
409,B00410,Bluebird,Warbler,Meadow Loop
410,B00411,Hawk,Warbler,South Rim
411,B00412,Hawk,Gull,River Trail
412,B00413,Wren,Woodpecker,Meadow Loop
413,B00414,Sparrow,Woodpecker,River Trail
414,B00415,Bluebird,Owl,South Rim
415,B00416,Jay,Warbler,North Rim
416,B00417,Kestrel,Woodpecker,River Trail
417,B00418,Sparrow,Finch,Canyon Pass
418,B00419,Wren,Finch,Meadow Loop
419,B00420,Falcon,Gull,Canyon Pass
420,B00421,Kestrel,Owl,North Rim
421,B00422,Chickadee,Woodpecker,North Rim
422,B00423,Chickadee,Gull,River Trail
423,B00424,Swallow,Gull,North Rim
424,B00425,Heron,Owl,River Trail
425,B00426,Hawk,Warbler,Canyon Pass
426,B00427,Pelican,Raptor,South Rim
427,B00428,Goldfinch,Gull,River Trail
428,B00429,Bluebird,Thrush,Meadow Loop
429,B00430,Chickadee,Raptor,North Rim
430,B00431,Sparrow,Owl,Canyon Pass
431,B00432,Chickadee,Woodpecker,South Rim
432,B00433,Goldfinch,Finch,Canyon Pass
433,B00434,Sparrow,Raptor,Meadow Loop
434,B00435,Heron,Finch,North Rim
435,B00436,Sparrow,Gull,Meadow Loop
436,B00437,Swallow,Finch,North Rim
437,B00438,Kestrel,Thrush,River Trail
438,B00439,Sparrow,Finch,Canyon Pass
439,B00440,Heron,Raptor,Canyon Pass
440,B00441,Kestrel,Gull,Canyon Pass
441,B00442,Wren,Woodpecker,River Trail
442,B00443,Sparrow,Woodpecker,River Trail
443,B00444,Falcon,Gull,South Rim
444,B00445,Falcon,Raptor,Canyon Pass
445,B00446,Jay,Finch,River Trail
446,B00447,Robin,Warbler,Meadow Loop
447,B00448,Kestrel,Woodpecker,South Rim
448,B00449,Falcon,Owl,Meadow Loop
449,B00450,Wren,Owl,South Rim
450,B00451,Kestrel,Raptor,Meadow Loop
451,B00452,Kestrel,Raptor,North Rim
452,B00453,Falcon,Owl,North Rim
453,B00454,Bluebird,Finch,South Rim
454,B00455,Swallow,Gull,River Trail
455,B00456,Swallow,Finch,Meadow Loop
456,B00457,Sparrow,Finch,South Rim
457,B00458,Jay,Gull,North Rim
458,B00459,Goldfinch,Owl,South Rim
459,B00460,Sparrow,Raptor,River Trail
460,B00461,Chickadee,Owl,River Trail
461,B00462,Sparrow,Warbler,Meadow Loop
462,B00463,Chickadee,Raptor,South Rim
463,B00464,Heron,Woodpecker,Meadow Loop
464,B00465,Bluebird,Woodpecker,Meadow Loop
465,B00466,Kestrel,Woodpecker,Meadow Loop
466,B00467,Hawk,Raptor,River Trail
467,B00468,Swallow,Owl,Canyon Pass
468,B00469,Hawk,Woodpecker,South Rim
469,B00470,Kestrel,Woodpecker,Meadow Loop
470,B00471,Chickadee,Thrush,North Rim
471,B00472,Goldfinch,Owl,North Rim
472,B00473,Heron,Woodpecker,Canyon Pass
473,B00474,Falcon,Owl,River Trail
474,B00475,Jay,Warbler,Meadow Loop
475,B00476,Goldfinch,Owl,Meadow Loop
476,B00477,Pelican,Thrush,Meadow Loop
477,B00478,Bluebird,Finch,South Rim
478,B00479,Jay,Gull,North Rim
479,B00480,Sparrow,Finch,North Rim
480,B00481,Wren,Gull,Canyon Pass
481,B00482,Goldfinch,Warbler,South Rim
482,B00483,Wren,Gull,River Trail
483,B00484,Goldfinch,Gull,River Trail
484,B00485,Falcon,Gull,North Rim
485,B00486,Wren,Raptor,River Trail
486,B00487,Robin,Raptor,North Rim
487,B00488,Falcon,Warbler,North Rim
488,B00489,Chickadee,Finch,North Rim
489,B00490,Swallow,Gull,Canyon Pass
490,B00491,Kestrel,Raptor,River Trail
491,B00492,Pelican,Raptor,Canyon Pass
492,B00493,Chickadee,Raptor,River Trail
493,B00494,Swallow,Warbler,South Rim
494,B00495,Wren,Gull,Meadow Loop
495,B00496,Heron,Owl,Canyon Pass
496,B00497,Sparrow,Raptor,River Trail
497,B00498,Robin,Woodpecker,North Rim
498,B00499,Kestrel,Finch,South Rim
499,B00500,Heron,Warbler,Canyon Pass
500,B00501,Sparrow,Raptor,River Trail
501,B00502,Jay,Thrush,Canyon Pass
502,B00503,Kestrel,Thrush,River Trail
503,B00504,Pelican,Raptor,North Rim
504,B00505,Wren,Finch,Canyon Pass
505,B00506,Heron,Owl,Meadow Loop
506,B00507,Falcon,Thrush,Meadow Loop
507,B00508,Wren,Owl,Canyon Pass
508,B00509,Wren,Warbler,North Rim
509,B00510,Wren,Thrush,Canyon Pass
510,B00511,Kestrel,Gull,South Rim
511,B00512,Chickadee,Owl,Canyon Pass
512,B00513,Goldfinch,Gull,North Rim
513,B00514,Goldfinch,Thrush,River Trail
514,B00515,Kestrel,Thrush,Meadow Loop
515,B00516,Sparrow,Raptor,North Rim
516,B00517,Pelican,Finch,North Rim
517,B00518,Bluebird,Woodpecker,Canyon Pass
518,B00519,Falcon,Raptor,North Rim
519,B00520,Swallow,Warbler,Meadow Loop
520,B00521,Robin,Woodpecker,Canyon Pass
521,B00522,Sparrow,Warbler,Meadow Loop
522,B00523,Hawk,Thrush,River Trail
523,B00524,Goldfinch,Raptor,River Trail
524,B00525,Robin,Raptor,Meadow Loop
525,B00526,Robin,Gull,River Trail
526,B00527,Kestrel,Woodpecker,River Trail
527,B00528,Sparrow,Woodpecker,North Rim
528,B00529,Pelican,Raptor,Meadow Loop
529,B00530,Pelican,Woodpecker,Meadow Loop
530,B00531,Swallow,Gull,Meadow Loop
531,B00532,Hawk,Thrush,North Rim
532,B00533,Hawk,Woodpecker,Meadow Loop
533,B00534,Wren,Thrush,Meadow Loop
534,B00535,Swallow,Gull,North Rim
535,B00536,Sparrow,Owl,Canyon Pass
536,B00537,Heron,Warbler,River Trail
537,B00538,Sparrow,Warbler,River Trail
538,B00539,Swallow,Finch,Meadow Loop
539,B00540,Bluebird,Woodpecker,River Trail
540,B00541,Chickadee,Warbler,River Trail
541,B00542,Bluebird,Gull,South Rim
542,B00543,Hawk,Finch,Canyon Pass
543,B00544,Hawk,Thrush,Canyon Pass
544,B00545,Goldfinch,Gull,North Rim
545,B00546,Bluebird,Owl,Meadow Loop
546,B00547,Heron,Gull,North Rim
547,B00548,Swallow,Warbler,South Rim
548,B00549,Falcon,Warbler,Canyon Pass
549,B00550,Jay,Raptor,North Rim
550,B00551,Goldfinch,Finch,South Rim
551,B00552,Heron,Finch,South Rim
552,B00553,Goldfinch,Warbler,Meadow Loop
553,B00554,Robin,Finch,River Trail
554,B00555,Kestrel,Raptor,River Trail
555,B00556,Falcon,Gull,Canyon Pass
556,B00557,Chickadee,Owl,River Trail
557,B00558,Pelican,Gull,Meadow Loop
558,B00559,Goldfinch,Thrush,North Rim
559,B00560,Pelican,Woodpecker,South Rim
560,B00561,Falcon,Thrush,Canyon Pass
561,B00562,Bluebird,Woodpecker,Canyon Pass
562,B00563,Falcon,Thrush,Meadow Loop
563,B00564,Hawk,Finch,South Rim
564,B00565,Pelican,Thrush,North Rim
565,B00566,Wren,Thrush,Canyon Pass
566,B00567,Hawk,Gull,Meadow Loop
567,B00568,Wren,Owl,South Rim
568,B00569,Jay,Thrush,River Trail
569,B00570,Swallow,Woodpecker,Meadow Loop
570,B00571,Kestrel,Raptor,River Trail
571,B00572,Heron,Raptor,Canyon Pass
572,B00573,Wren,Raptor,North Rim
573,B00574,Bluebird,Finch,South Rim
574,B00575,Bluebird,Warbler,North Rim
575,B00576,Robin,Raptor,Meadow Loop
576,B00577,Kestrel,Warbler,Meadow Loop
577,B00578,Falcon,Thrush,Canyon Pass
578,B00579,Pelican,Raptor,River Trail
579,B00580,Sparrow,Gull,North Rim
580,B00581,Sparrow,Owl,River Trail
581,B00582,Goldfinch,Raptor,North Rim
582,B00583,Sparrow,Raptor,Meadow Loop
583,B00584,Bluebird,Owl,Meadow Loop
584,B00585,Heron,Gull,Canyon Pass
585,B00586,Kestrel,Owl,South Rim
586,B00587,Jay,Woodpecker,South Rim
587,B00588,Sparrow,Owl,North Rim
588,B00589,Goldfinch,Woodpecker,River Trail
589,B00590,Goldfinch,Raptor,River Trail
590,B00591,Goldfinch,Raptor,Meadow Loop
591,B00592,Pelican,Raptor,Meadow Loop
592,B00593,Wren,Warbler,North Rim
593,B00594,Kestrel,Owl,South Rim
594,B00595,Robin,Owl,River Trail
595,B00596,Goldfinch,Owl,South Rim
596,B00597,Swallow,Warbler,North Rim
597,B00598,Goldfinch,Finch,Canyon Pass
598,B00599,Jay,Warbler,Meadow Loop
599,B00600,Jay,Woodpecker,River Trail
600,B00601,Jay,Warbler,South Rim
601,B00602,Goldfinch,Warbler,Canyon Pass
602,B00603,Chickadee,Finch,North Rim
603,B00604,Sparrow,Woodpecker,River Trail
604,B00605,Goldfinch,Woodpecker,Canyon Pass
605,B00606,Falcon,Thrush,Canyon Pass
606,B00607,Robin,Raptor,South Rim
607,B00608,Falcon,Warbler,Meadow Loop
608,B00609,Kestrel,Raptor,North Rim
609,B00610,Pelican,Finch,North Rim
610,B00611,Goldfinch,Warbler,South Rim
611,B00612,Falcon,Thrush,Canyon Pass
612,B00613,Goldfinch,Finch,Meadow Loop
613,B00614,Heron,Thrush,River Trail
614,B00615,Jay,Warbler,South Rim
615,B00616,Jay,Thrush,North Rim
616,B00617,Wren,Thrush,South Rim
617,B00618,Wren,Finch,North Rim
618,B00619,Bluebird,Owl,North Rim
619,B00620,Sparrow,Owl,Meadow Loop
620,B00621,Heron,Thrush,North Rim
621,B00622,Falcon,Thrush,North Rim
622,B00623,Hawk,Raptor,River Trail
623,B00624,Heron,Gull,South Rim
624,B00625,Swallow,Owl,River Trail
625,B00626,Wren,Owl,North Rim
626,B00627,Robin,Raptor,South Rim
627,B00628,Robin,Warbler,River Trail
628,B00629,Falcon,Thrush,Meadow Loop
629,B00630,Robin,Warbler,River Trail
630,B00631,Chickadee,Thrush,River Trail
631,B00632,Robin,Woodpecker,River Trail
632,B00633,Heron,Warbler,South Rim
633,B00634,Robin,Owl,South Rim
634,B00635,Hawk,Finch,River Trail
635,B00636,Jay,Finch,North Rim
636,B00637,Wren,Finch,Meadow Loop
637,B00638,Wren,Owl,Meadow Loop
638,B00639,Goldfinch,Thrush,South Rim
639,B00640,Kestrel,Thrush,South Rim
640,B00641,Jay,Raptor,South Rim
641,B00642,Pelican,Raptor,Meadow Loop
642,B00643,Pelican,Finch,Meadow Loop
643,B00644,Falcon,Owl,North Rim
644,B00645,Goldfinch,Gull,River Trail
645,B00646,Robin,Warbler,North Rim
646,B00647,Heron,Raptor,River Trail
647,B00648,Falcon,Owl,South Rim
648,B00649,Kestrel,Warbler,South Rim
649,B00650,Pelican,Finch,River Trail
650,B00651,Falcon,Finch,South Rim
651,B00652,Jay,Owl,South Rim
652,B00653,Hawk,Owl,Meadow Loop
653,B00654,Goldfinch,Finch,Canyon Pass
654,B00655,Swallow,Raptor,North Rim
655,B00656,Falcon,Raptor,South Rim
656,B00657,Chickadee,Raptor,Canyon Pass
657,B00658,Jay,Warbler,River Trail
658,B00659,Bluebird,Gull,South Rim
659,B00660,Wren,Warbler,River Trail
660,B00661,Hawk,Gull,North Rim
661,B00662,Chickadee,Owl,North Rim
662,B00663,Bluebird,Woodpecker,Meadow Loop
663,B00664,Hawk,Thrush,River Trail
664,B00665,Swallow,Owl,Meadow Loop
665,B00666,Chickadee,Thrush,South Rim
666,B00667,Falcon,Raptor,Canyon Pass
667,B00668,Pelican,Warbler,River Trail
668,B00669,Pelican,Warbler,Meadow Loop
669,B00670,Sparrow,Warbler,North Rim
670,B00671,Kestrel,Thrush,North Rim
671,B00672,Swallow,Owl,Meadow Loop
672,B00673,Jay,Thrush,Canyon Pass
673,B00674,Sparrow,Raptor,Canyon Pass
674,B00675,Jay,Gull,South Rim
675,B00676,Chickadee,Woodpecker,North Rim
676,B00677,Swallow,Owl,Canyon Pass
677,B00678,Sparrow,Thrush,Meadow Loop
678,B00679,Falcon,Woodpecker,South Rim
679,B00680,Kestrel,Gull,Meadow Loop
680,B00681,Chickadee,Warbler,Canyon Pass
681,B00682,Sparrow,Finch,South Rim
682,B00683,Kestrel,Woodpecker,Meadow Loop
683,B00684,Kestrel,Raptor,Meadow Loop
684,B00685,Hawk,Warbler,River Trail
685,B00686,Goldfinch,Woodpecker,Meadow Loop
686,B00687,Heron,Woodpecker,South Rim
687,B00688,Swallow,Woodpecker,Canyon Pass
688,B00689,Heron,Woodpecker,Canyon Pass
689,B00690,Goldfinch,Woodpecker,Canyon Pass
690,B00691,Kestrel,Finch,Meadow Loop
691,B00692,Goldfinch,Warbler,North Rim
692,B00693,Kestrel,Gull,South Rim
693,B00694,Kestrel,Warbler,River Trail
694,B00695,Sparrow,Finch,Canyon Pass
695,B00696,Wren,Gull,River Trail
696,B00697,Chickadee,Woodpecker,River Trail
697,B00698,Swallow,Raptor,North Rim
698,B00699,Bluebird,Warbler,Meadow Loop
699,B00700,Sparrow,Owl,South Rim
700,B00701,Falcon,Thrush,North Rim
701,B00702,Jay,Finch,Canyon Pass
702,B00703,Hawk,Owl,North Rim
703,B00704,Hawk,Finch,North Rim
704,B00705,Sparrow,Raptor,North Rim
705,B00706,Swallow,Owl,River Trail
706,B00707,Bluebird,Raptor,North Rim
707,B00708,Swallow,Gull,Canyon Pass
708,B00709,Falcon,Finch,River Trail
709,B00710,Falcon,Thrush,South Rim
710,B00711,Jay,Finch,North Rim
711,B00712,Falcon,Thrush,River Trail
712,B00713,Chickadee,Woodpecker,North Rim
713,B00714,Chickadee,Gull,Canyon Pass
714,B00715,Pelican,Raptor,South Rim
715,B00716,Goldfinch,Finch,River Trail
716,B00717,Falcon,Gull,North Rim
717,B00718,Falcon,Warbler,North Rim
718,B00719,Wren,Raptor,South Rim
719,B00720,Swallow,Raptor,North Rim
720,B00721,Sparrow,Warbler,Meadow Loop
721,B00722,Kestrel,Owl,Canyon Pass
722,B00723,Goldfinch,Thrush,Canyon Pass
723,B00724,Sparrow,Owl,South Rim
724,B00725,Goldfinch,Raptor,Meadow Loop
725,B00726,Sparrow,Finch,River Trail
726,B00727,Chickadee,Warbler,North Rim
727,B00728,Sparrow,Raptor,North Rim
728,B00729,Falcon,Owl,River Trail
729,B00730,Jay,Warbler,River Trail
730,B00731,Chickadee,Thrush,North Rim
731,B00732,Heron,Finch,Canyon Pass
732,B00733,Pelican,Warbler,Meadow Loop
733,B00734,Goldfinch,Raptor,River Trail
734,B00735,Hawk,Finch,Canyon Pass
735,B00736,Jay,Finch,Canyon Pass
736,B00737,Chickadee,Gull,Canyon Pass
737,B00738,Robin,Gull,South Rim
738,B00739,Chickadee,Owl,Canyon Pass
739,B00740,Pelican,Thrush,River Trail
740,B00741,Goldfinch,Raptor,Meadow Loop
741,B00742,Chickadee,Thrush,Canyon Pass
742,B00743,Jay,Thrush,North Rim
743,B00744,Wren,Warbler,River Trail
744,B00745,Goldfinch,Gull,North Rim
745,B00746,Robin,Woodpecker,South Rim
746,B00747,Falcon,Owl,River Trail
747,B00748,Robin,Gull,Canyon Pass
748,B00749,Robin,Owl,Canyon Pass
749,B00750,Hawk,Warbler,South Rim
750,B00751,Kestrel,Owl,South Rim
751,B00752,Sparrow,Woodpecker,River Trail
752,B00753,Sparrow,Thrush,Canyon Pass
753,B00754,Kestrel,Finch,Canyon Pass
754,B00755,Swallow,Owl,South Rim
755,B00756,Heron,Finch,North Rim
756,B00757,Chickadee,Owl,Meadow Loop
757,B00758,Robin,Woodpecker,South Rim
758,B00759,Sparrow,Finch,North Rim
759,B00760,Chickadee,Thrush,North Rim
760,B00761,Hawk,Raptor,River Trail
761,B00762,Swallow,Warbler,South Rim
762,B00763,Kestrel,Finch,River Trail
763,B00764,Kestrel,Gull,South Rim
764,B00765,Robin,Finch,Meadow Loop
765,B00766,Goldfinch,Warbler,Meadow Loop
766,B00767,Swallow,Raptor,River Trail
767,B00768,Falcon,Gull,North Rim
768,B00769,Sparrow,Thrush,River Trail
769,B00770,Robin,Warbler,Meadow Loop
770,B00771,Jay,Woodpecker,South Rim
771,B00772,Kestrel,Thrush,South Rim
772,B00773,Bluebird,Raptor,River Trail
773,B00774,Chickadee,Warbler,South Rim
774,B00775,Pelican,Thrush,River Trail
775,B00776,Kestrel,Raptor,South Rim
776,B00777,Heron,Finch,South Rim
777,B00778,Sparrow,Warbler,Meadow Loop
778,B00779,Wren,Thrush,River Trail
779,B00780,Pelican,Thrush,River Trail
780,B00781,Pelican,Gull,Meadow Loop
781,B00782,Jay,Woodpecker,South Rim
782,B00783,Sparrow,Warbler,North Rim
783,B00784,Sparrow,Raptor,Canyon Pass
784,B00785,Falcon,Raptor,North Rim
785,B00786,Swallow,Raptor,River Trail
786,B00787,Bluebird,Warbler,South Rim
787,B00788,Jay,Thrush,South Rim
788,B00789,Swallow,Finch,North Rim
789,B00790,Bluebird,Raptor,Canyon Pass
790,B00791,Sparrow,Raptor,River Trail
791,B00792,Heron,Warbler,South Rim
792,B00793,Chickadee,Woodpecker,Meadow Loop
793,B00794,Goldfinch,Gull,North Rim
794,B00795,Heron,Raptor,River Trail
795,B00796,Wren,Warbler,River Trail
796,B00797,Kestrel,Owl,River Trail
797,B00798,Heron,Woodpecker,North Rim
798,B00799,Robin,Thrush,Canyon Pass
799,B00800,Heron,Woodpecker,South Rim
800,B00801,Bluebird,Gull,Meadow Loop
801,B00802,Wren,Thrush,Meadow Loop
802,B00803,Falcon,Owl,South Rim
803,B00804,Pelican,Thrush,North Rim
804,B00805,Chickadee,Thrush,South Rim
805,B00806,Goldfinch,Thrush,Canyon Pass
806,B00807,Swallow,Finch,Canyon Pass
807,B00808,Sparrow,Gull,Canyon Pass
808,B00809,Heron,Raptor,South Rim
809,B00810,Kestrel,Thrush,Meadow Loop
810,B00811,Bluebird,Warbler,North Rim
811,B00812,Pelican,Owl,Meadow Loop
812,B00813,Jay,Woodpecker,River Trail
813,B00814,Wren,Owl,Meadow Loop
814,B00815,Goldfinch,Thrush,Meadow Loop
815,B00816,Goldfinch,Owl,Canyon Pass
816,B00817,Bluebird,Gull,River Trail
817,B00818,Sparrow,Finch,South Rim
818,B00819,Jay,Warbler,River Trail
819,B00820,Kestrel,Woodpecker,North Rim
820,B00821,Bluebird,Finch,North Rim
821,B00822,Jay,Thrush,River Trail
822,B00823,Sparrow,Warbler,Canyon Pass
823,B00824,Jay,Raptor,River Trail
824,B00825,Jay,Thrush,Meadow Loop
825,B00826,Sparrow,Raptor,North Rim
826,B00827,Jay,Finch,River Trail
827,B00828,Pelican,Woodpecker,Meadow Loop
828,B00829,Pelican,Thrush,South Rim
829,B00830,Bluebird,Gull,North Rim
830,B00831,Wren,Woodpecker,North Rim
831,B00832,Wren,Owl,Canyon Pass
832,B00833,Heron,Woodpecker,Meadow Loop
833,B00834,Sparrow,Warbler,South Rim
834,B00835,Pelican,Owl,South Rim
835,B00836,Goldfinch,Woodpecker,North Rim
836,B00837,Goldfinch,Raptor,Canyon Pass
837,B00838,Hawk,Finch,North Rim
838,B00839,Bluebird,Finch,Meadow Loop
839,B00840,Pelican,Finch,South Rim
840,B00841,Wren,Raptor,South Rim
841,B00842,Jay,Woodpecker,South Rim
842,B00843,Pelican,Woodpecker,Canyon Pass
843,B00844,Bluebird,Raptor,North Rim
844,B00845,Bluebird,Owl,South Rim
845,B00846,Bluebird,Raptor,South Rim
846,B00847,Hawk,Owl,South Rim
847,B00848,Bluebird,Gull,North Rim
848,B00849,Goldfinch,Finch,Canyon Pass
849,B00850,Swallow,Thrush,South Rim
850,B00851,Kestrel,Gull,River Trail
851,B00852,Goldfinch,Raptor,South Rim
852,B00853,Kestrel,Warbler,Canyon Pass
853,B00854,Wren,Warbler,South Rim
854,B00855,Wren,Woodpecker,South Rim
855,B00856,Pelican,Thrush,South Rim
856,B00857,Wren,Owl,South Rim
857,B00858,Bluebird,Woodpecker,North Rim
858,B00859,Jay,Thrush,Meadow Loop
859,B00860,Goldfinch,Gull,North Rim
860,B00861,Kestrel,Gull,South Rim
861,B00862,Kestrel,Raptor,South Rim
862,B00863,Sparrow,Gull,South Rim
863,B00864,Goldfinch,Raptor,Meadow Loop
864,B00865,Goldfinch,Finch,River Trail
865,B00866,Chickadee,Finch,Canyon Pass
866,B00867,Goldfinch,Owl,South Rim
867,B00868,Goldfinch,Gull,Canyon Pass
868,B00869,Heron,Raptor,North Rim
869,B00870,Bluebird,Woodpecker,River Trail
870,B00871,Heron,Owl,Meadow Loop
871,B00872,Hawk,Woodpecker,River Trail
872,B00873,Sparrow,Owl,Canyon Pass
873,B00874,Sparrow,Raptor,South Rim
874,B00875,Chickadee,Owl,North Rim
875,B00876,Falcon,Raptor,Meadow Loop
876,B00877,Swallow,Warbler,North Rim
877,B00878,Chickadee,Finch,Meadow Loop
878,B00879,Swallow,Woodpecker,Meadow Loop
879,B00880,Jay,Finch,Canyon Pass
880,B00881,Sparrow,Raptor,River Trail
881,B00882,Pelican,Finch,Canyon Pass
882,B00883,Heron,Raptor,North Rim
883,B00884,Hawk,Gull,River Trail
884,B00885,Goldfinch,Raptor,North Rim
885,B00886,Chickadee,Finch,Meadow Loop
886,B00887,Bluebird,Raptor,Meadow Loop
887,B00888,Hawk,Raptor,Canyon Pass
888,B00889,Bluebird,Woodpecker,Meadow Loop
889,B00890,Wren,Raptor,South Rim
890,B00891,Sparrow,Thrush,North Rim
891,B00892,Chickadee,Raptor,Canyon Pass
892,B00893,Falcon,Finch,River Trail
893,B00894,Kestrel,Thrush,North Rim
894,B00895,Chickadee,Raptor,Canyon Pass
895,B00896,Swallow,Warbler,Canyon Pass
896,B00897,Falcon,Finch,River Trail
897,B00898,Bluebird,Owl,Meadow Loop
898,B00899,Bluebird,Woodpecker,North Rim
899,B00900,Jay,Raptor,North Rim
900,B00901,Bluebird,Woodpecker,South Rim
901,B00902,Bluebird,Warbler,Meadow Loop
902,B00903,Hawk,Owl,North Rim
903,B00904,Pelican,Finch,North Rim
904,B00905,Heron,Owl,Meadow Loop
905,B00906,Chickadee,Owl,Meadow Loop
906,B00907,Heron,Finch,Meadow Loop
907,B00908,Hawk,Warbler,Meadow Loop
908,B00909,Robin,Finch,Canyon Pass
909,B00910,Sparrow,Owl,Meadow Loop
910,B00911,Goldfinch,Woodpecker,River Trail
911,B00912,Hawk,Woodpecker,Canyon Pass
912,B00913,Robin,Warbler,South Rim
913,B00914,Kestrel,Gull,North Rim
914,B00915,Swallow,Thrush,Meadow Loop
915,B00916,Heron,Gull,South Rim
916,B00917,Swallow,Woodpecker,Canyon Pass
917,B00918,Goldfinch,Thrush,River Trail
918,B00919,Wren,Gull,Canyon Pass
919,B00920,Jay,Woodpecker,North Rim
920,B00921,Pelican,Owl,Meadow Loop
921,B00922,Swallow,Raptor,River Trail
922,B00923,Heron,Thrush,River Trail
923,B00924,Sparrow,Woodpecker,South Rim
924,B00925,Wren,Woodpecker,Canyon Pass
925,B00926,Kestrel,Gull,South Rim
926,B00927,Swallow,Woodpecker,Canyon Pass
927,B00928,Wren,Thrush,River Trail
928,B00929,Heron,Gull,North Rim
929,B00930,Swallow,Thrush,Canyon Pass
930,B00931,Falcon,Woodpecker,North Rim
931,B00932,Chickadee,Gull,South Rim
932,B00933,Wren,Woodpecker,Canyon Pass
933,B00934,Jay,Finch,Canyon Pass
934,B00935,Heron,Thrush,Canyon Pass
935,B00936,Kestrel,Thrush,River Trail
936,B00937,Hawk,Raptor,Meadow Loop
937,B00938,Sparrow,Owl,South Rim
938,B00939,Falcon,Warbler,Meadow Loop
939,B00940,Falcon,Owl,River Trail
940,B00941,Jay,Warbler,North Rim
941,B00942,Heron,Finch,River Trail
942,B00943,Pelican,Warbler,River Trail
943,B00944,Falcon,Finch,South Rim
944,B00945,Sparrow,Finch,South Rim
945,B00946,Sparrow,Thrush,River Trail
946,B00947,Kestrel,Finch,North Rim
947,B00948,Sparrow,Owl,North Rim
948,B00949,Kestrel,Woodpecker,Meadow Loop
949,B00950,Wren,Raptor,South Rim
950,B00951,Sparrow,Woodpecker,Meadow Loop
951,B00952,Wren,Woodpecker,River Trail
952,B00953,Swallow,Woodpecker,River Trail
953,B00954,Heron,Raptor,River Trail
954,B00955,Goldfinch,Owl,River Trail
955,B00956,Swallow,Finch,Canyon Pass
956,B00957,Heron,Thrush,Canyon Pass
957,B00958,Jay,Warbler,South Rim
958,B00959,Kestrel,Gull,Meadow Loop
959,B00960,Heron,Warbler,Canyon Pass
960,B00961,Sparrow,Finch,North Rim
961,B00962,Heron,Owl,Meadow Loop
962,B00963,Goldfinch,Warbler,River Trail
963,B00964,Hawk,Finch,Canyon Pass
964,B00965,Kestrel,Warbler,River Trail
965,B00966,Swallow,Finch,Canyon Pass
966,B00967,Swallow,Warbler,North Rim
967,B00968,Robin,Woodpecker,North Rim
968,B00969,Pelican,Thrush,Canyon Pass
969,B00970,Bluebird,Woodpecker,River Trail
970,B00971,Wren,Owl,River Trail
971,B00972,Heron,Owl,North Rim
972,B00973,Falcon,Owl,South Rim
973,B00974,Falcon,Warbler,Canyon Pass
974,B00975,Sparrow,Woodpecker,South Rim
975,B00976,Hawk,Gull,River Trail
976,B00977,Sparrow,Woodpecker,South Rim
977,B00978,Swallow,Woodpecker,South Rim
978,B00979,Robin,Gull,North Rim
979,B00980,Swallow,Raptor,Canyon Pass
980,B00981,Swallow,Thrush,Canyon Pass
981,B00982,Chickadee,Thrush,North Rim
982,B00983,Swallow,Raptor,South Rim
983,B00984,Jay,Owl,River Trail
984,B00985,Swallow,Finch,South Rim
985,B00986,Jay,Finch,Meadow Loop
986,B00987,Jay,Warbler,South Rim
987,B00988,Robin,Finch,North Rim
988,B00989,Wren,Gull,South Rim
989,B00990,Goldfinch,Woodpecker,River Trail
990,B00991,Robin,Owl,North Rim
991,B00992,Swallow,Gull,Canyon Pass
992,B00993,Hawk,Woodpecker,North Rim
993,B00994,Heron,Raptor,North Rim
994,B00995,Falcon,Woodpecker,River Trail
995,B00996,Jay,Raptor,River Trail
996,B00997,Falcon,Thrush,South Rim
997,B00998,Robin,Raptor,South Rim
998,B00999,Kestrel,Thrush,North Rim
999,B01000,Falcon,Thrush,Meadow Loop
1000,B01001,Goldfinch,Woodpecker,South Rim
1001,B01002,Chickadee,Owl,North Rim
1002,B01003,Swallow,Warbler,South Rim
1003,B01004,Pelican,Owl,Canyon Pass
1004,B01005,Sparrow,Thrush,South Rim
1005,B01006,Pelican,Warbler,Canyon Pass
1006,B01007,Pelican,Gull,South Rim
1007,B01008,Falcon,Raptor,North Rim
1008,B01009,Chickadee,Owl,South Rim
1009,B01010,Falcon,Woodpecker,South Rim
1010,B01011,Wren,Thrush,North Rim
1011,B01012,Goldfinch,Thrush,River Trail
1012,B01013,Wren,Woodpecker,South Rim
1013,B01014,Robin,Finch,Meadow Loop
1014,B01015,Falcon,Finch,River Trail
1015,B01016,Goldfinch,Finch,River Trail
1016,B01017,Robin,Finch,River Trail
1017,B01018,Falcon,Gull,North Rim
1018,B01019,Bluebird,Gull,Meadow Loop
1019,B01020,Sparrow,Warbler,North Rim
1020,B01021,Bluebird,Gull,Meadow Loop
1021,B01022,Bluebird,Gull,Canyon Pass
1022,B01023,Pelican,Thrush,Meadow Loop
1023,B01024,Goldfinch,Raptor,River Trail
1024,B01025,Goldfinch,Owl,South Rim
1025,B01026,Bluebird,Gull,Canyon Pass
1026,B01027,Sparrow,Thrush,South Rim
1027,B01028,Wren,Thrush,River Trail
1028,B01029,Swallow,Gull,Meadow Loop
1029,B01030,Robin,Finch,Canyon Pass
1030,B01031,Falcon,Woodpecker,Canyon Pass
1031,B01032,Hawk,Finch,North Rim
1032,B01033,Chickadee,Woodpecker,Canyon Pass
1033,B01034,Robin,Warbler,North Rim
1034,B01035,Bluebird,Finch,River Trail
1035,B01036,Chickadee,Thrush,Canyon Pass
1036,B01037,Pelican,Gull,Meadow Loop
1037,B01038,Bluebird,Warbler,Canyon Pass
1038,B01039,Heron,Finch,South Rim
1039,B01040,Goldfinch,Raptor,South Rim
1040,B01041,Chickadee,Warbler,South Rim
1041,B01042,Pelican,Thrush,South Rim
1042,B01043,Heron,Finch,Meadow Loop
1043,B01044,Robin,Woodpecker,River Trail
1044,B01045,Chickadee,Warbler,Meadow Loop
1045,B01046,Sparrow,Raptor,River Trail
1046,B01047,Wren,Warbler,South Rim
1047,B01048,Swallow,Owl,North Rim
1048,B01049,Jay,Raptor,River Trail
1049,B01050,Sparrow,Woodpecker,Canyon Pass
1050,B01051,Falcon,Warbler,Canyon Pass
1051,B01052,Robin,Thrush,South Rim
1052,B01053,Falcon,Gull,River Trail
1053,B01054,Kestrel,Gull,Meadow Loop
1054,B01055,Bluebird,Woodpecker,Meadow Loop
1055,B01056,Kestrel,Woodpecker,North Rim
1056,B01057,Heron,Woodpecker,River Trail
1057,B01058,Goldfinch,Gull,North Rim
1058,B01059,Heron,Raptor,North Rim
1059,B01060,Robin,Finch,Meadow Loop
1060,B01061,Goldfinch,Thrush,North Rim
1061,B01062,Jay,Finch,South Rim
1062,B01063,Sparrow,Raptor,River Trail
1063,B01064,Chickadee,Thrush,Meadow Loop
1064,B01065,Chickadee,Warbler,River Trail
1065,B01066,Heron,Finch,North Rim
1066,B01067,Kestrel,Raptor,Meadow Loop
1067,B01068,Jay,Woodpecker,Canyon Pass
1068,B01069,Robin,Finch,Canyon Pass
1069,B01070,Bluebird,Woodpecker,Meadow Loop
1070,B01071,Jay,Gull,River Trail
1071,B01072,Hawk,Thrush,Canyon Pass
1072,B01073,Chickadee,Warbler,River Trail
1073,B01074,Falcon,Gull,North Rim
1074,B01075,Falcon,Finch,Canyon Pass
1075,B01076,Hawk,Raptor,South Rim
1076,B01077,Chickadee,Finch,Canyon Pass
1077,B01078,Hawk,Woodpecker,South Rim
1078,B01079,Heron,Raptor,Canyon Pass
1079,B01080,Goldfinch,Thrush,River Trail
1080,B01081,Pelican,Raptor,River Trail
1081,B01082,Kestrel,Woodpecker,South Rim
1082,B01083,Kestrel,Owl,Canyon Pass
1083,B01084,Swallow,Owl,North Rim
1084,B01085,Hawk,Woodpecker,River Trail
1085,B01086,Goldfinch,Thrush,South Rim
1086,B01087,Goldfinch,Warbler,River Trail
1087,B01088,Kestrel,Thrush,South Rim
1088,B01089,Jay,Thrush,Meadow Loop
1089,B01090,Sparrow,Owl,South Rim
1090,B01091,Falcon,Woodpecker,North Rim
1091,B01092,Heron,Warbler,North Rim
1092,B01093,Goldfinch,Owl,Meadow Loop
1093,B01094,Heron,Finch,South Rim
1094,B01095,Robin,Thrush,South Rim
1095,B01096,Sparrow,Woodpecker,Meadow Loop
1096,B01097,Goldfinch,Woodpecker,South Rim
1097,B01098,Chickadee,Finch,South Rim
1098,B01099,Bluebird,Gull,South Rim
1099,B01100,Heron,Raptor,South Rim
1100,B01101,Falcon,Owl,Meadow Loop
1101,B01102,Falcon,Finch,River Trail
1102,B01103,Pelican,Woodpecker,Canyon Pass
1103,B01104,Sparrow,Thrush,Meadow Loop
1104,B01105,Wren,Warbler,North Rim
1105,B01106,Hawk,Woodpecker,South Rim
1106,B01107,Wren,Raptor,South Rim
1107,B01108,Pelican,Raptor,River Trail
1108,B01109,Kestrel,Owl,South Rim
1109,B01110,Bluebird,Warbler,Canyon Pass
1110,B01111,Jay,Finch,South Rim
1111,B01112,Wren,Raptor,River Trail
1112,B01113,Hawk,Warbler,North Rim
1113,B01114,Wren,Woodpecker,Canyon Pass
1114,B01115,Hawk,Warbler,Canyon Pass
1115,B01116,Falcon,Thrush,Meadow Loop
1116,B01117,Kestrel,Gull,South Rim
1117,B01118,Swallow,Woodpecker,North Rim
1118,B01119,Chickadee,Thrush,Meadow Loop
1119,B01120,Falcon,Gull,River Trail
1120,B01121,Bluebird,Finch,Canyon Pass
1121,B01122,Sparrow,Owl,Meadow Loop
1122,B01123,Wren,Thrush,River Trail
1123,B01124,Wren,Woodpecker,Canyon Pass
1124,B01125,Goldfinch,Gull,Canyon Pass
1125,B01126,Goldfinch,Owl,River Trail
1126,B01127,Pelican,Raptor,North Rim
1127,B01128,Jay,Woodpecker,North Rim
1128,B01129,Swallow,Gull,River Trail
1129,B01130,Jay,Thrush,River Trail
1130,B01131,Heron,Woodpecker,North Rim
1131,B01132,Jay,Owl,North Rim
1132,B01133,Goldfinch,Raptor,Meadow Loop
1133,B01134,Chickadee,Finch,Meadow Loop
1134,B01135,Swallow,Raptor,North Rim
1135,B01136,Bluebird,Finch,River Trail
1136,B01137,Chickadee,Woodpecker,North Rim
1137,B01138,Robin,Woodpecker,Meadow Loop
1138,B01139,Chickadee,Warbler,Canyon Pass
1139,B01140,Swallow,Woodpecker,Canyon Pass
1140,B01141,Pelican,Finch,River Trail
1141,B01142,Robin,Gull,Meadow Loop
1142,B01143,Kestrel,Owl,Canyon Pass
1143,B01144,Goldfinch,Finch,Meadow Loop
1144,B01145,Robin,Finch,River Trail
1145,B01146,Falcon,Finch,Meadow Loop
1146,B01147,Falcon,Woodpecker,River Trail
1147,B01148,Chickadee,Raptor,Canyon Pass
1148,B01149,Jay,Warbler,River Trail
1149,B01150,Pelican,Raptor,Canyon Pass
1150,B01151,Robin,Warbler,North Rim
1151,B01152,Falcon,Raptor,North Rim
1152,B01153,Heron,Thrush,North Rim
1153,B01154,Pelican,Thrush,River Trail
1154,B01155,Wren,Owl,Meadow Loop
1155,B01156,Swallow,Thrush,South Rim
1156,B01157,Sparrow,Finch,North Rim
1157,B01158,Pelican,Owl,Canyon Pass
1158,B01159,Robin,Owl,Meadow Loop
1159,B01160,Robin,Finch,Meadow Loop
1160,B01161,Swallow,Warbler,River Trail
1161,B01162,Falcon,Woodpecker,River Trail
1162,B01163,Pelican,Owl,North Rim
1163,B01164,Falcon,Gull,North Rim
1164,B01165,Falcon,Thrush,Canyon Pass
1165,B01166,Sparrow,Thrush,South Rim
1166,B01167,Bluebird,Raptor,Meadow Loop
1167,B01168,Heron,Warbler,Meadow Loop
1168,B01169,Kestrel,Woodpecker,South Rim
1169,B01170,Pelican,Warbler,South Rim
1170,B01171,Jay,Warbler,Meadow Loop
1171,B01172,Jay,Woodpecker,North Rim
1172,B01173,Heron,Owl,River Trail
1173,B01174,Hawk,Warbler,Canyon Pass
1174,B01175,Bluebird,Raptor,Meadow Loop
1175,B01176,Robin,Finch,Meadow Loop
1176,B01177,Robin,Gull,North Rim
1177,B01178,Hawk,Woodpecker,North Rim
1178,B01179,Wren,Woodpecker,South Rim
1179,B01180,Bluebird,Woodpecker,South Rim
1180,B01181,Swallow,Thrush,North Rim
1181,B01182,Kestrel,Warbler,Canyon Pass
1182,B01183,Jay,Finch,North Rim
1183,B01184,Heron,Thrush,Meadow Loop
1184,B01185,Heron,Raptor,River Trail
1185,B01186,Wren,Warbler,Meadow Loop
1186,B01187,Sparrow,Woodpecker,South Rim
1187,B01188,Swallow,Thrush,South Rim
1188,B01189,Swallow,Warbler,Meadow Loop
1189,B01190,Bluebird,Warbler,South Rim
1190,B01191,Heron,Warbler,Meadow Loop
1191,B01192,Wren,Finch,North Rim
1192,B01193,Hawk,Raptor,North Rim
1193,B01194,Chickadee,Woodpecker,Meadow Loop
1194,B01195,Falcon,Warbler,Meadow Loop
1195,B01196,Jay,Finch,North Rim
1196,B01197,Chickadee,Gull,Canyon Pass
1197,B01198,Kestrel,Gull,North Rim
1198,B01199,Goldfinch,Owl,Canyon Pass
1199,B01200,Jay,Warbler,Meadow Loop
1200,B01201,Pelican,Finch,Canyon Pass
1201,B01202,Falcon,Owl,Canyon Pass
1202,B01203,Kestrel,Woodpecker,South Rim
1203,B01204,Chickadee,Gull,Meadow Loop
1204,B01205,Jay,Gull,South Rim
1205,B01206,Pelican,Woodpecker,River Trail
1206,B01207,Falcon,Gull,South Rim
1207,B01208,Chickadee,Woodpecker,River Trail
1208,B01209,Wren,Thrush,Canyon Pass
1209,B01210,Kestrel,Raptor,River Trail
1210,B01211,Jay,Thrush,North Rim
1211,B01212,Goldfinch,Thrush,South Rim
1212,B01213,Heron,Finch,Meadow Loop
1213,B01214,Pelican,Warbler,River Trail
1214,B01215,Bluebird,Raptor,River Trail
1215,B01216,Sparrow,Finch,River Trail
1216,B01217,Falcon,Gull,South Rim
1217,B01218,Chickadee,Woodpecker,River Trail
1218,B01219,Goldfinch,Owl,Meadow Loop
1219,B01220,Heron,Raptor,Canyon Pass
1220,B01221,Jay,Raptor,Meadow Loop
1221,B01222,Swallow,Owl,Canyon Pass
1222,B01223,Kestrel,Thrush,Canyon Pass
1223,B01224,Jay,Finch,North Rim
1224,B01225,Heron,Raptor,South Rim
1225,B01226,Kestrel,Warbler,South Rim
1226,B01227,Sparrow,Gull,North Rim
1227,B01228,Kestrel,Raptor,North Rim
1228,B01229,Hawk,Warbler,Meadow Loop
1229,B01230,Wren,Gull,South Rim
1230,B01231,Goldfinch,Warbler,North Rim
1231,B01232,Chickadee,Gull,South Rim
1232,B01233,Kestrel,Warbler,South Rim
1233,B01234,Chickadee,Finch,North Rim
1234,B01235,Jay,Owl,North Rim
1235,B01236,Robin,Warbler,Meadow Loop
1236,B01237,Bluebird,Owl,Canyon Pass
1237,B01238,Sparrow,Owl,River Trail
1238,B01239,Wren,Woodpecker,Meadow Loop
1239,B01240,Bluebird,Warbler,Canyon Pass
1240,B01241,Falcon,Owl,Canyon Pass
1241,B01242,Goldfinch,Woodpecker,North Rim
1242,B01243,Kestrel,Owl,Canyon Pass
1243,B01244,Falcon,Warbler,North Rim
1244,B01245,Pelican,Owl,North Rim
1245,B01246,Kestrel,Thrush,River Trail
1246,B01247,Pelican,Gull,Meadow Loop
1247,B01248,Falcon,Finch,North Rim
1248,B01249,Robin,Finch,South Rim
1249,B01250,Kestrel,Finch,South Rim
1250,B01251,Wren,Thrush,South Rim
1251,B01252,Heron,Finch,Canyon Pass
1252,B01253,Bluebird,Woodpecker,South Rim
1253,B01254,Goldfinch,Finch,South Rim
1254,B01255,Jay,Warbler,North Rim
1255,B01256,Sparrow,Woodpecker,North Rim
1256,B01257,Hawk,Thrush,North Rim
1257,B01258,Swallow,Finch,River Trail
1258,B01259,Swallow,Finch,River Trail
1259,B01260,Goldfinch,Finch,River Trail
1260,B01261,Wren,Woodpecker,Canyon Pass
1261,B01262,Kestrel,Raptor,River Trail
1262,B01263,Heron,Woodpecker,North Rim
1263,B01264,Goldfinch,Thrush,South Rim
1264,B01265,Wren,Owl,South Rim
1265,B01266,Bluebird,Gull,Canyon Pass
1266,B01267,Bluebird,Warbler,South Rim
1267,B01268,Robin,Warbler,North Rim
1268,B01269,Kestrel,Owl,Meadow Loop
1269,B01270,Bluebird,Gull,River Trail
1270,B01271,Robin,Gull,North Rim
1271,B01272,Sparrow,Thrush,Meadow Loop
1272,B01273,Kestrel,Gull,South Rim
1273,B01274,Jay,Woodpecker,Canyon Pass
1274,B01275,Chickadee,Thrush,Canyon Pass
1275,B01276,Chickadee,Finch,South Rim
1276,B01277,Jay,Finch,River Trail
1277,B01278,Goldfinch,Woodpecker,River Trail
1278,B01279,Bluebird,Warbler,Meadow Loop
1279,B01280,Pelican,Finch,North Rim
1280,B01281,Chickadee,Owl,South Rim
1281,B01282,Chickadee,Thrush,North Rim
1282,B01283,Heron,Owl,Meadow Loop
1283,B01284,Goldfinch,Owl,North Rim
1284,B01285,Robin,Owl,River Trail
1285,B01286,Bluebird,Gull,Meadow Loop
1286,B01287,Pelican,Owl,Canyon Pass
1287,B01288,Wren,Owl,South Rim
1288,B01289,Sparrow,Woodpecker,North Rim
1289,B01290,Jay,Raptor,Meadow Loop
1290,B01291,Wren,Finch,North Rim
1291,B01292,Pelican,Gull,North Rim
1292,B01293,Heron,Warbler,Canyon Pass
1293,B01294,Bluebird,Owl,Canyon Pass
1294,B01295,Kestrel,Owl,Meadow Loop
1295,B01296,Falcon,Gull,Canyon Pass
1296,B01297,Wren,Raptor,North Rim
1297,B01298,Jay,Raptor,North Rim
1298,B01299,Falcon,Finch,South Rim
1299,B01300,Bluebird,Gull,North Rim
1300,B01301,Chickadee,Owl,Canyon Pass
1301,B01302,Heron,Gull,North Rim
1302,B01303,Chickadee,Woodpecker,River Trail
1303,B01304,Pelican,Woodpecker,Canyon Pass
1304,B01305,Swallow,Gull,Meadow Loop
1305,B01306,Jay,Raptor,South Rim
1306,B01307,Wren,Gull,River Trail
1307,B01308,Wren,Raptor,River Trail
1308,B01309,Heron,Gull,Meadow Loop
1309,B01310,Pelican,Owl,River Trail
1310,B01311,Falcon,Raptor,South Rim
1311,B01312,Robin,Finch,Meadow Loop
1312,B01313,Goldfinch,Thrush,Canyon Pass
1313,B01314,Pelican,Owl,River Trail
1314,B01315,Pelican,Finch,North Rim
1315,B01316,Wren,Finch,River Trail
1316,B01317,Chickadee,Finch,Canyon Pass
1317,B01318,Swallow,Warbler,Canyon Pass
1318,B01319,Heron,Gull,River Trail
1319,B01320,Heron,Owl,North Rim
1320,B01321,Sparrow,Raptor,River Trail
1321,B01322,Wren,Thrush,Canyon Pass
1322,B01323,Swallow,Raptor,Canyon Pass
1323,B01324,Pelican,Warbler,North Rim
1324,B01325,Pelican,Raptor,South Rim
1325,B01326,Hawk,Gull,River Trail
1326,B01327,Jay,Thrush,North Rim
1327,B01328,Sparrow,Owl,Canyon Pass
1328,B01329,Jay,Warbler,North Rim
1329,B01330,Robin,Woodpecker,Meadow Loop
1330,B01331,Heron,Owl,Canyon Pass
1331,B01332,Chickadee,Warbler,Meadow Loop
1332,B01333,Heron,Finch,Meadow Loop
1333,B01334,Goldfinch,Thrush,South Rim
1334,B01335,Falcon,Thrush,Canyon Pass
1335,B01336,Kestrel,Woodpecker,River Trail
1336,B01337,Jay,Owl,North Rim
1337,B01338,Wren,Warbler,South Rim
1338,B01339,Goldfinch,Warbler,South Rim
1339,B01340,Heron,Warbler,River Trail
1340,B01341,Falcon,Raptor,South Rim
1341,B01342,Sparrow,Raptor,River Trail
1342,B01343,Sparrow,Raptor,River Trail
1343,B01344,Swallow,Finch,South Rim
1344,B01345,Hawk,Warbler,Meadow Loop
1345,B01346,Kestrel,Woodpecker,South Rim
1346,B01347,Pelican,Owl,Meadow Loop
1347,B01348,Chickadee,Owl,South Rim
1348,B01349,Chickadee,Warbler,Canyon Pass
1349,B01350,Swallow,Gull,South Rim
1350,B01351,Bluebird,Owl,North Rim
1351,B01352,Heron,Warbler,North Rim
1352,B01353,Falcon,Owl,Canyon Pass
1353,B01354,Pelican,Raptor,Canyon Pass
1354,B01355,Hawk,Owl,South Rim
1355,B01356,Falcon,Finch,Meadow Loop
1356,B01357,Robin,Owl,River Trail
1357,B01358,Sparrow,Warbler,North Rim
1358,B01359,Sparrow,Raptor,River Trail
1359,B01360,Robin,Warbler,Meadow Loop
1360,B01361,Sparrow,Warbler,Canyon Pass
1361,B01362,Bluebird,Raptor,Canyon Pass
1362,B01363,Robin,Raptor,North Rim
1363,B01364,Hawk,Thrush,South Rim
1364,B01365,Swallow,Gull,River Trail
1365,B01366,Bluebird,Finch,North Rim
1366,B01367,Wren,Owl,River Trail
1367,B01368,Heron,Gull,North Rim
1368,B01369,Kestrel,Warbler,North Rim
1369,B01370,Jay,Thrush,North Rim
1370,B01371,Pelican,Raptor,South Rim
1371,B01372,Robin,Finch,Meadow Loop
1372,B01373,Heron,Warbler,North Rim
1373,B01374,Heron,Owl,Canyon Pass
1374,B01375,Pelican,Gull,South Rim
1375,B01376,Kestrel,Owl,North Rim
1376,B01377,Kestrel,Thrush,South Rim
1377,B01378,Chickadee,Owl,Meadow Loop
1378,B01379,Falcon,Warbler,North Rim
1379,B01380,Swallow,Finch,North Rim
1380,B01381,Kestrel,Finch,Canyon Pass
1381,B01382,Wren,Owl,River Trail
1382,B01383,Robin,Warbler,South Rim
1383,B01384,Pelican,Warbler,Meadow Loop
1384,B01385,Heron,Raptor,Canyon Pass
1385,B01386,Wren,Raptor,South Rim
1386,B01387,Swallow,Warbler,River Trail
1387,B01388,Robin,Warbler,North Rim
1388,B01389,Pelican,Warbler,South Rim
1389,B01390,Pelican,Finch,River Trail
1390,B01391,Wren,Raptor,North Rim
1391,B01392,Falcon,Raptor,Canyon Pass
1392,B01393,Kestrel,Owl,Canyon Pass
1393,B01394,Chickadee,Warbler,South Rim
1394,B01395,Hawk,Woodpecker,South Rim
1395,B01396,Swallow,Owl,North Rim
1396,B01397,Jay,Warbler,River Trail
1397,B01398,Jay,Raptor,North Rim
1398,B01399,Bluebird,Warbler,South Rim
1399,B01400,Wren,Warbler,River Trail
1400,B01401,Pelican,Raptor,Meadow Loop
1401,B01402,Wren,Thrush,River Trail
1402,B01403,Wren,Thrush,South Rim
1403,B01404,Robin,Finch,Meadow Loop
1404,B01405,Hawk,Gull,Meadow Loop
1405,B01406,Hawk,Raptor,Meadow Loop
1406,B01407,Robin,Woodpecker,River Trail
1407,B01408,Pelican,Raptor,Canyon Pass
1408,B01409,Bluebird,Woodpecker,South Rim
1409,B01410,Wren,Warbler,Canyon Pass
1410,B01411,Bluebird,Finch,South Rim
1411,B01412,Swallow,Owl,South Rim
1412,B01413,Wren,Thrush,River Trail
1413,B01414,Goldfinch,Woodpecker,River Trail
1414,B01415,Swallow,Raptor,Meadow Loop
1415,B01416,Goldfinch,Finch,South Rim
1416,B01417,Jay,Gull,Canyon Pass
1417,B01418,Heron,Gull,South Rim
1418,B01419,Pelican,Thrush,River Trail
1419,B01420,Falcon,Woodpecker,Canyon Pass
1420,B01421,Kestrel,Gull,River Trail
1421,B01422,Kestrel,Woodpecker,Meadow Loop
1422,B01423,Swallow,Finch,Canyon Pass
1423,B01424,Jay,Gull,Canyon Pass
1424,B01425,Wren,Finch,River Trail
1425,B01426,Goldfinch,Woodpecker,River Trail
1426,B01427,Jay,Owl,North Rim
1427,B01428,Pelican,Woodpecker,River Trail
1428,B01429,Wren,Finch,Canyon Pass
1429,B01430,Goldfinch,Owl,River Trail
1430,B01431,Falcon,Raptor,South Rim
1431,B01432,Hawk,Finch,North Rim
1432,B01433,Hawk,Owl,South Rim
1433,B01434,Swallow,Thrush,South Rim
1434,B01435,Robin,Gull,Canyon Pass
1435,B01436,Sparrow,Thrush,River Trail
1436,B01437,Heron,Gull,North Rim
1437,B01438,Jay,Finch,North Rim
1438,B01439,Robin,Finch,Canyon Pass
1439,B01440,Kestrel,Finch,Canyon Pass
1440,B01441,Goldfinch,Finch,Meadow Loop
1441,B01442,Falcon,Raptor,North Rim
1442,B01443,Kestrel,Finch,North Rim
1443,B01444,Heron,Finch,North Rim
1444,B01445,Sparrow,Owl,Meadow Loop
1445,B01446,Bluebird,Finch,Meadow Loop
1446,B01447,Kestrel,Gull,Canyon Pass
1447,B01448,Kestrel,Owl,North Rim
1448,B01449,Chickadee,Woodpecker,North Rim
1449,B01450,Sparrow,Thrush,Canyon Pass
1450,B01451,Wren,Gull,Canyon Pass
1451,B01452,Bluebird,Warbler,Meadow Loop
1452,B01453,Bluebird,Warbler,North Rim
1453,B01454,Wren,Owl,North Rim
1454,B01455,Swallow,Thrush,North Rim
1455,B01456,Bluebird,Owl,Meadow Loop
1456,B01457,Kestrel,Owl,Canyon Pass
1457,B01458,Heron,Woodpecker,Meadow Loop
1458,B01459,Wren,Gull,South Rim
1459,B01460,Falcon,Woodpecker,Meadow Loop
1460,B01461,Goldfinch,Thrush,North Rim
1461,B01462,Robin,Woodpecker,Canyon Pass
1462,B01463,Bluebird,Warbler,Canyon Pass
1463,B01464,Bluebird,Raptor,Meadow Loop
1464,B01465,Pelican,Thrush,Canyon Pass
1465,B01466,Sparrow,Raptor,River Trail
1466,B01467,Jay,Owl,River Trail
1467,B01468,Robin,Warbler,South Rim
1468,B01469,Goldfinch,Owl,Canyon Pass
1469,B01470,Bluebird,Gull,Meadow Loop
1470,B01471,Pelican,Gull,North Rim
1471,B01472,Chickadee,Woodpecker,Canyon Pass
1472,B01473,Heron,Finch,North Rim
1473,B01474,Hawk,Raptor,River Trail
1474,B01475,Kestrel,Woodpecker,North Rim
1475,B01476,Wren,Finch,Meadow Loop
1476,B01477,Falcon,Gull,River Trail
1477,B01478,Heron,Raptor,River Trail
1478,B01479,Hawk,Warbler,Meadow Loop
1479,B01480,Heron,Warbler,Meadow Loop
1480,B01481,Sparrow,Warbler,South Rim
1481,B01482,Bluebird,Warbler,Canyon Pass
1482,B01483,Wren,Owl,River Trail
1483,B01484,Sparrow,Thrush,North Rim
1484,B01485,Heron,Gull,North Rim
1485,B01486,Pelican,Woodpecker,South Rim
1486,B01487,Hawk,Owl,Meadow Loop
1487,B01488,Bluebird,Raptor,River Trail
1488,B01489,Sparrow,Thrush,South Rim
1489,B01490,Falcon,Owl,River Trail
1490,B01491,Wren,Thrush,Canyon Pass
1491,B01492,Falcon,Gull,River Trail
1492,B01493,Bluebird,Gull,North Rim
1493,B01494,Robin,Warbler,North Rim
1494,B01495,Heron,Owl,River Trail
1495,B01496,Heron,Warbler,River Trail
1496,B01497,Swallow,Warbler,Canyon Pass
1497,B01498,Goldfinch,Owl,River Trail
1498,B01499,Falcon,Woodpecker,Meadow Loop
1499,B01500,Goldfinch,Warbler,River Trail
1500,B01501,Falcon,Woodpecker,South Rim
1501,B01502,Wren,Woodpecker,Meadow Loop
1502,B01503,Hawk,Owl,Meadow Loop
1503,B01504,Robin,Thrush,Meadow Loop
1504,B01505,Swallow,Raptor,North Rim
1505,B01506,Wren,Gull,Meadow Loop
1506,B01507,Pelican,Woodpecker,South Rim
1507,B01508,Falcon,Owl,Meadow Loop
1508,B01509,Pelican,Raptor,Meadow Loop
1509,B01510,Jay,Warbler,Meadow Loop
1510,B01511,Robin,Woodpecker,Canyon Pass
1511,B01512,Hawk,Warbler,River Trail
1512,B01513,Chickadee,Raptor,North Rim
1513,B01514,Robin,Woodpecker,Meadow Loop
1514,B01515,Wren,Finch,Meadow Loop
1515,B01516,Kestrel,Warbler,North Rim
1516,B01517,Falcon,Thrush,North Rim
1517,B01518,Bluebird,Finch,South Rim
1518,B01519,Falcon,Woodpecker,Canyon Pass
1519,B01520,Heron,Finch,River Trail
1520,B01521,Pelican,Gull,Canyon Pass
1521,B01522,Chickadee,Warbler,Canyon Pass
1522,B01523,Hawk,Owl,River Trail
1523,B01524,Sparrow,Owl,Meadow Loop
1524,B01525,Swallow,Gull,South Rim
1525,B01526,Bluebird,Owl,North Rim
1526,B01527,Robin,Gull,South Rim
1527,B01528,Sparrow,Raptor,River Trail
1528,B01529,Bluebird,Owl,North Rim
1529,B01530,Pelican,Owl,South Rim
1530,B01531,Sparrow,Owl,North Rim
1531,B01532,Bluebird,Warbler,Meadow Loop
1532,B01533,Kestrel,Gull,Canyon Pass
1533,B01534,Hawk,Thrush,Canyon Pass
1534,B01535,Goldfinch,Gull,South Rim
1535,B01536,Bluebird,Finch,River Trail
1536,B01537,Sparrow,Raptor,Canyon Pass
1537,B01538,Sparrow,Woodpecker,River Trail
1538,B01539,Chickadee,Woodpecker,South Rim
1539,B01540,Jay,Thrush,South Rim
1540,B01541,Falcon,Warbler,Meadow Loop
1541,B01542,Wren,Warbler,River Trail
1542,B01543,Sparrow,Woodpecker,Canyon Pass
1543,B01544,Swallow,Finch,Canyon Pass
1544,B01545,Hawk,Owl,North Rim
1545,B01546,Swallow,Owl,Meadow Loop
1546,B01547,Jay,Owl,South Rim
1547,B01548,Pelican,Thrush,River Trail
1548,B01549,Falcon,Thrush,South Rim
1549,B01550,Bluebird,Raptor,South Rim
1550,B01551,Wren,Raptor,South Rim
1551,B01552,Pelican,Owl,North Rim
1552,B01553,Falcon,Warbler,Meadow Loop
1553,B01554,Jay,Raptor,North Rim
1554,B01555,Heron,Warbler,South Rim
1555,B01556,Hawk,Warbler,North Rim
1556,B01557,Pelican,Warbler,North Rim
1557,B01558,Goldfinch,Warbler,South Rim
1558,B01559,Kestrel,Finch,Canyon Pass
1559,B01560,Pelican,Raptor,Canyon Pass
1560,B01561,Wren,Finch,South Rim
1561,B01562,Wren,Finch,River Trail
1562,B01563,Wren,Owl,Canyon Pass
1563,B01564,Pelican,Woodpecker,South Rim
1564,B01565,Swallow,Finch,Canyon Pass
1565,B01566,Heron,Gull,North Rim
1566,B01567,Kestrel,Owl,South Rim
1567,B01568,Swallow,Gull,South Rim
1568,B01569,Pelican,Thrush,North Rim
1569,B01570,Kestrel,Woodpecker,Canyon Pass
1570,B01571,Sparrow,Warbler,Canyon Pass
1571,B01572,Robin,Raptor,South Rim
1572,B01573,Chickadee,Gull,Canyon Pass
1573,B01574,Goldfinch,Raptor,Meadow Loop
1574,B01575,Sparrow,Warbler,Canyon Pass
1575,B01576,Robin,Woodpecker,Canyon Pass
1576,B01577,Swallow,Thrush,River Trail
1577,B01578,Goldfinch,Warbler,North Rim
1578,B01579,Sparrow,Woodpecker,Canyon Pass
1579,B01580,Swallow,Owl,Meadow Loop
1580,B01581,Wren,Thrush,Canyon Pass
1581,B01582,Hawk,Owl,Canyon Pass
1582,B01583,Falcon,Woodpecker,North Rim
1583,B01584,Heron,Thrush,River Trail
1584,B01585,Jay,Raptor,North Rim
1585,B01586,Robin,Finch,North Rim
1586,B01587,Goldfinch,Thrush,Canyon Pass
1587,B01588,Sparrow,Warbler,Canyon Pass
1588,B01589,Pelican,Warbler,Canyon Pass
1589,B01590,Bluebird,Warbler,Canyon Pass
1590,B01591,Chickadee,Raptor,Meadow Loop
1591,B01592,Robin,Finch,River Trail
1592,B01593,Robin,Warbler,Canyon Pass
1593,B01594,Bluebird,Raptor,River Trail
1594,B01595,Chickadee,Warbler,Meadow Loop
1595,B01596,Hawk,Owl,South Rim
1596,B01597,Jay,Warbler,Meadow Loop
1597,B01598,Chickadee,Woodpecker,Canyon Pass
1598,B01599,Goldfinch,Finch,Meadow Loop
1599,B01600,Chickadee,Owl,River Trail
1600,B01601,Wren,Gull,North Rim
1601,B01602,Chickadee,Warbler,North Rim
1602,B01603,Goldfinch,Gull,Meadow Loop
1603,B01604,Robin,Warbler,Meadow Loop
1604,B01605,Sparrow,Thrush,Meadow Loop
1605,B01606,Pelican,Warbler,Canyon Pass
1606,B01607,Sparrow,Warbler,River Trail
1607,B01608,Swallow,Thrush,Canyon Pass
1608,B01609,Wren,Thrush,Meadow Loop
1609,B01610,Sparrow,Woodpecker,South Rim
1610,B01611,Goldfinch,Finch,Canyon Pass
1611,B01612,Sparrow,Raptor,North Rim
1612,B01613,Jay,Woodpecker,River Trail
1613,B01614,Chickadee,Warbler,Canyon Pass
1614,B01615,Bluebird,Raptor,Meadow Loop
1615,B01616,Hawk,Owl,Canyon Pass
1616,B01617,Goldfinch,Gull,North Rim
1617,B01618,Falcon,Raptor,River Trail
1618,B01619,Sparrow,Warbler,Meadow Loop
1619,B01620,Kestrel,Thrush,Meadow Loop
1620,B01621,Wren,Thrush,Canyon Pass
1621,B01622,Bluebird,Warbler,River Trail
1622,B01623,Kestrel,Owl,Meadow Loop
1623,B01624,Bluebird,Gull,River Trail
1624,B01625,Swallow,Finch,Canyon Pass
1625,B01626,Kestrel,Owl,North Rim
1626,B01627,Swallow,Warbler,South Rim
1627,B01628,Swallow,Warbler,North Rim
1628,B01629,Heron,Raptor,Meadow Loop
1629,B01630,Sparrow,Woodpecker,South Rim
1630,B01631,Swallow,Gull,South Rim
1631,B01632,Pelican,Owl,Canyon Pass
1632,B01633,Sparrow,Warbler,South Rim
1633,B01634,Pelican,Owl,North Rim
1634,B01635,Heron,Thrush,North Rim
1635,B01636,Falcon,Warbler,South Rim
1636,B01637,Hawk,Finch,Canyon Pass
1637,B01638,Jay,Thrush,River Trail
1638,B01639,Hawk,Woodpecker,Canyon Pass
1639,B01640,Wren,Woodpecker,South Rim
1640,B01641,Chickadee,Finch,South Rim
1641,B01642,Bluebird,Raptor,North Rim
1642,B01643,Heron,Thrush,South Rim
1643,B01644,Swallow,Gull,River Trail
1644,B01645,Sparrow,Finch,Canyon Pass
1645,B01646,Wren,Owl,South Rim
1646,B01647,Robin,Gull,Meadow Loop
1647,B01648,Jay,Thrush,Meadow Loop
1648,B01649,Kestrel,Thrush,South Rim
1649,B01650,Goldfinch,Owl,Canyon Pass
1650,B01651,Hawk,Warbler,River Trail
1651,B01652,Bluebird,Woodpecker,North Rim
1652,B01653,Bluebird,Thrush,Canyon Pass
1653,B01654,Swallow,Owl,Canyon Pass
1654,B01655,Hawk,Woodpecker,North Rim
1655,B01656,Wren,Finch,Canyon Pass
1656,B01657,Pelican,Thrush,Canyon Pass
1657,B01658,Pelican,Woodpecker,Canyon Pass
1658,B01659,Goldfinch,Warbler,South Rim
1659,B01660,Wren,Finch,Meadow Loop
1660,B01661,Jay,Woodpecker,River Trail
1661,B01662,Swallow,Owl,Meadow Loop
1662,B01663,Hawk,Thrush,Meadow Loop
1663,B01664,Swallow,Owl,Meadow Loop
1664,B01665,Falcon,Warbler,River Trail
1665,B01666,Heron,Owl,Meadow Loop
1666,B01667,Chickadee,Gull,River Trail
1667,B01668,Jay,Raptor,North Rim
1668,B01669,Falcon,Raptor,North Rim
1669,B01670,Chickadee,Thrush,Canyon Pass
1670,B01671,Chickadee,Woodpecker,Canyon Pass
1671,B01672,Swallow,Warbler,River Trail
1672,B01673,Wren,Raptor,North Rim
1673,B01674,Chickadee,Finch,Meadow Loop
1674,B01675,Chickadee,Gull,North Rim
1675,B01676,Kestrel,Finch,South Rim
1676,B01677,Sparrow,Finch,South Rim
1677,B01678,Heron,Gull,North Rim
1678,B01679,Kestrel,Woodpecker,Canyon Pass
1679,B01680,Falcon,Raptor,River Trail
1680,B01681,Kestrel,Owl,South Rim
1681,B01682,Bluebird,Owl,River Trail
1682,B01683,Bluebird,Woodpecker,North Rim
1683,B01684,Goldfinch,Woodpecker,River Trail
1684,B01685,Robin,Owl,River Trail
1685,B01686,Falcon,Warbler,South Rim
1686,B01687,Heron,Owl,Canyon Pass
1687,B01688,Heron,Owl,South Rim
1688,B01689,Kestrel,Raptor,North Rim
1689,B01690,Sparrow,Gull,River Trail
1690,B01691,Goldfinch,Warbler,Canyon Pass
1691,B01692,Pelican,Finch,South Rim
1692,B01693,Jay,Owl,North Rim
1693,B01694,Heron,Warbler,Canyon Pass
1694,B01695,Hawk,Raptor,River Trail
1695,B01696,Jay,Owl,North Rim
1696,B01697,Falcon,Finch,Meadow Loop
1697,B01698,Sparrow,Woodpecker,South Rim
1698,B01699,Robin,Thrush,Canyon Pass
1699,B01700,Kestrel,Owl,South Rim
