customer_id,entitlement_ts,market_raw,product_tier,activity_date
10011,2026-01-01 12:00:00,United States,FREE,2026-01-01
10075,2026-01-18 12:00:00,España,ENTERPRISE,2026-01-18
10183,2026-01-02 12:00:00,España,FREE,2026-01-02
10204,2026-01-04 12:00:00,Canada,FREE,2026-01-04
10010,2026-01-11 12:00:00,Brasil,PRO,2026-01-11
10174,2026-01-15 12:00:00,Canada,FREE,2026-01-15
10167,2026-01-10 12:00:00,Canada,FREE,2026-01-10
10081,2026-01-18 12:00:00,México,FREE,2026-01-18
10205,2026-01-04 12:00:00,Brasil,FREE,2026-01-04
10173,2026-01-03 12:00:00,España,PRO,2026-01-03
10103,2026-01-05 12:00:00,España,PRO,2026-01-05
10202,2026-01-03 12:00:00,Brasil,PRO,2026-01-03
10158,2026-01-14 12:00:00,Canada,FREE,2026-01-14
10189,2026-01-07 12:00:00,Canada,PRO,2026-01-07
10001,2026-01-15 12:00:00,España,ENTERPRISE,2026-01-15
10101,2026-01-17 12:00:00,México,ENTERPRISE,2026-01-17
10035,2026-01-10 12:00:00,México,FREE,2026-01-10
10067,2026-01-04 12:00:00,United States,PRO,2026-01-04
10172,2026-01-03 12:00:00,United States,PRO,2026-01-03
10167,2026-01-02 12:00:00,México,FREE,2026-01-02
10075,2026-01-04 12:00:00,Canada,PRO,2026-01-04
10175,2026-01-10 12:00:00,México,FREE,2026-01-10
10164,2026-01-13 12:00:00,Brasil,FREE,2026-01-13
10070,2026-01-05 12:00:00,España,FREE,2026-01-05
10182,2026-01-18 12:00:00,Brasil,PRO,2026-01-18
10014,2026-01-05 12:00:00,Brasil,PRO,2026-01-05
10018,2026-01-18 12:00:00,Brasil,FREE,2026-01-18
10116,2026-01-01 12:00:00,Canada,FREE,2026-01-01
10091,2026-01-14 12:00:00,Brasil,PRO,2026-01-14
10196,2026-01-03 12:00:00,United States,FREE,2026-01-03
10048,2026-01-11 12:00:00,Canada,PRO,2026-01-11
10153,2026-01-11 12:00:00,Brasil,FREE,2026-01-11
10039,2026-01-01 12:00:00,México,PRO,2026-01-01
10034,2026-01-13 12:00:00,Canada,FREE,2026-01-13
10054,2026-01-01 12:00:00,Canada,FREE,2026-01-01
10098,2026-01-18 12:00:00,España,PRO,2026-01-18
10033,2026-01-04 12:00:00,Canada,FREE,2026-01-04
10048,2026-01-15 12:00:00,Canada,FREE,2026-01-15
10199,2026-01-06 12:00:00,España,PRO,2026-01-06
10171,2026-01-08 12:00:00,Canada,PRO,2026-01-08
10028,2026-01-17 12:00:00,Canada,FREE,2026-01-17
10151,2026-01-16 12:00:00,United States,FREE,2026-01-16
10166,2026-01-13 12:00:00,United States,FREE,2026-01-13
10072,2026-01-13 12:00:00,España,ENTERPRISE,2026-01-13
10185,2026-01-11 12:00:00,Canada,FREE,2026-01-11
10189,2026-01-05 12:00:00,Brasil,PRO,2026-01-05
10178,2026-01-03 12:00:00,United States,FREE,2026-01-03
10153,2026-01-14 12:00:00,México,FREE,2026-01-14
10131,2026-01-06 12:00:00,Canada,ENTERPRISE,2026-01-06
10133,2026-01-12 12:00:00,México,FREE,2026-01-12
10122,2026-01-03 12:00:00,United States,FREE,2026-01-03
10145,2026-01-14 12:00:00,Canada,FREE,2026-01-14
10206,2026-01-13 12:00:00,Brasil,FREE,2026-01-13
10198,2026-01-02 12:00:00,United States,FREE,2026-01-02
10088,2026-01-13 12:00:00,United States,PRO,2026-01-13
10158,2026-01-11 12:00:00,España,ENTERPRISE,2026-01-11
10002,2026-01-05 12:00:00,United States,PRO,2026-01-05
10151,2026-01-06 12:00:00,España,FREE,2026-01-06
10108,2026-01-05 12:00:00,United States,FREE,2026-01-05
10055,2026-01-08 12:00:00,Canada,ENTERPRISE,2026-01-08
10170,2026-01-09 12:00:00,México,FREE,2026-01-09
10123,2026-01-11 12:00:00,Brasil,PRO,2026-01-11
10080,2026-01-08 12:00:00,United States,FREE,2026-01-08
10213,2026-01-03 12:00:00,México,PRO,2026-01-03
10132,2026-01-07 12:00:00,Canada,FREE,2026-01-07
10138,2026-01-12 12:00:00,España,PRO,2026-01-12
10013,2026-01-14 12:00:00,México,PRO,2026-01-14
10032,2026-01-03 12:00:00,Brasil,PRO,2026-01-03
10108,2026-01-17 12:00:00,Canada,ENTERPRISE,2026-01-17
10032,2026-01-04 12:00:00,Brasil,FREE,2026-01-04
10207,2026-01-10 12:00:00,México,PRO,2026-01-10
10047,2026-01-01 12:00:00,México,ENTERPRISE,2026-01-01
10084,2026-01-09 12:00:00,Canada,PRO,2026-01-09
10125,2026-01-02 12:00:00,Brasil,FREE,2026-01-02
10129,2026-01-05 12:00:00,Canada,FREE,2026-01-05
10107,2026-01-13 12:00:00,España,PRO,2026-01-13
10170,2026-01-01 12:00:00,México,FREE,2026-01-01
10113,2026-01-13 12:00:00,México,FREE,2026-01-13
10133,2026-01-07 12:00:00,Canada,PRO,2026-01-07
10065,2026-01-16 12:00:00,United States,FREE,2026-01-16
10022,2026-01-02 12:00:00,United States,FREE,2026-01-02
10144,2026-01-13 12:00:00,Brasil,PRO,2026-01-13
10153,2026-01-17 12:00:00,México,PRO,2026-01-17
10197,2026-01-11 12:00:00,España,PRO,2026-01-11
10119,2026-01-04 12:00:00,Canada,PRO,2026-01-04
10156,2026-01-09 12:00:00,México,PRO,2026-01-09
10114,2026-01-02 12:00:00,España,PRO,2026-01-02
10198,2026-01-07 12:00:00,México,PRO,2026-01-07
10123,2026-01-02 12:00:00,España,FREE,2026-01-02
10045,2026-01-04 12:00:00,España,FREE,2026-01-04
10182,2026-01-16 12:00:00,Canada,PRO,2026-01-16
10167,2026-01-18 12:00:00,Brasil,FREE,2026-01-18
10136,2026-01-01 12:00:00,España,PRO,2026-01-01
10206,2026-01-08 12:00:00,United States,PRO,2026-01-08
10076,2026-01-18 12:00:00,Brasil,PRO,2026-01-18
10094,2026-01-13 12:00:00,United States,PRO,2026-01-13
10103,2026-01-14 12:00:00,México,PRO,2026-01-14
10063,2026-01-06 12:00:00,México,PRO,2026-01-06
10177,2026-01-09 12:00:00,México,ENTERPRISE,2026-01-09
10095,2026-01-07 12:00:00,United States,ENTERPRISE,2026-01-07
10134,2026-01-12 12:00:00,Canada,PRO,2026-01-12
10159,2026-01-16 12:00:00,Brasil,PRO,2026-01-16
10160,2026-01-18 12:00:00,Brasil,ENTERPRISE,2026-01-18
10206,2026-01-03 12:00:00,Brasil,PRO,2026-01-03
10216,2026-01-10 12:00:00,Brasil,FREE,2026-01-10
10008,2026-01-12 12:00:00,Canada,FREE,2026-01-12
10116,2026-01-07 12:00:00,Canada,FREE,2026-01-07
10168,2026-01-16 12:00:00,México,ENTERPRISE,2026-01-16
10193,2026-01-08 12:00:00,Canada,FREE,2026-01-08
10024,2026-01-08 12:00:00,México,FREE,2026-01-08
10175,2026-01-15 12:00:00,United States,ENTERPRISE,2026-01-15
10017,2026-01-18 12:00:00,United States,PRO,2026-01-18
10131,2026-01-15 12:00:00,Canada,FREE,2026-01-15
10017,2026-01-14 12:00:00,Brasil,FREE,2026-01-14
10093,2026-01-17 12:00:00,Canada,PRO,2026-01-17
10077,2026-01-05 12:00:00,Canada,FREE,2026-01-05
10146,2026-01-03 12:00:00,España,PRO,2026-01-03
10125,2026-01-02 12:00:00,Canada,PRO,2026-01-02
10047,2026-01-12 12:00:00,España,PRO,2026-01-12
10034,2026-01-11 12:00:00,México,FREE,2026-01-11
10129,2026-01-07 12:00:00,United States,FREE,2026-01-07
10102,2026-01-06 12:00:00,España,PRO,2026-01-06
10217,2026-01-10 12:00:00,Brasil,PRO,2026-01-10
10169,2026-01-13 12:00:00,Brasil,PRO,2026-01-13
10083,2026-01-14 12:00:00,Canada,FREE,2026-01-14
10019,2026-01-04 12:00:00,España,PRO,2026-01-04
10010,2026-01-08 12:00:00,España,PRO,2026-01-08
10051,2026-01-13 12:00:00,Brasil,ENTERPRISE,2026-01-13
10021,2026-01-08 12:00:00,Brasil,PRO,2026-01-08
10070,2026-01-17 12:00:00,España,FREE,2026-01-17
10016,2026-01-09 12:00:00,México,PRO,2026-01-09
10181,2026-01-01 12:00:00,Canada,FREE,2026-01-01
10045,2026-01-12 12:00:00,México,FREE,2026-01-12
10185,2026-01-15 12:00:00,México,PRO,2026-01-15
10117,2026-01-14 12:00:00,Canada,FREE,2026-01-14
10087,2026-01-17 12:00:00,México,FREE,2026-01-17
10134,2026-01-11 12:00:00,España,PRO,2026-01-11
10044,2026-01-07 12:00:00,United States,PRO,2026-01-07
10190,2026-01-13 12:00:00,México,PRO,2026-01-13
10195,2026-01-10 12:00:00,United States,PRO,2026-01-10
10195,2026-01-05 12:00:00,España,PRO,2026-01-05
10201,2026-01-18 12:00:00,United States,FREE,2026-01-18
10089,2026-01-12 12:00:00,United States,ENTERPRISE,2026-01-12
10215,2026-01-01 12:00:00,España,PRO,2026-01-01
10100,2026-01-15 12:00:00,Canada,PRO,2026-01-15
10140,2026-01-05 12:00:00,United States,FREE,2026-01-05
10065,2026-01-18 12:00:00,México,PRO,2026-01-18
10195,2026-01-07 12:00:00,España,FREE,2026-01-07
10051,2026-01-07 12:00:00,México,PRO,2026-01-07
10186,2026-01-10 12:00:00,México,PRO,2026-01-10
10199,2026-01-08 12:00:00,España,PRO,2026-01-08
10150,2026-01-02 12:00:00,Canada,ENTERPRISE,2026-01-02
10120,2026-01-07 12:00:00,España,PRO,2026-01-07
10074,2026-01-06 12:00:00,Canada,ENTERPRISE,2026-01-06
10036,2026-01-17 12:00:00,Brasil,ENTERPRISE,2026-01-17
10150,2026-01-07 12:00:00,España,PRO,2026-01-07
10014,2026-01-17 12:00:00,España,PRO,2026-01-17
10191,2026-01-16 12:00:00,Canada,FREE,2026-01-16
10001,2026-01-09 12:00:00,España,PRO,2026-01-09
10064,2026-01-12 12:00:00,Canada,PRO,2026-01-12
10100,2026-01-08 12:00:00,Brasil,ENTERPRISE,2026-01-08
10073,2026-01-13 12:00:00,Canada,PRO,2026-01-13
10216,2026-01-08 12:00:00,United States,PRO,2026-01-08
10154,2026-01-13 12:00:00,Brasil,PRO,2026-01-13
10106,2026-01-06 12:00:00,Canada,ENTERPRISE,2026-01-06
10036,2026-01-03 12:00:00,España,FREE,2026-01-03
10219,2026-01-11 12:00:00,United States,FREE,2026-01-11
10116,2026-01-14 12:00:00,United States,FREE,2026-01-14
10117,2026-01-11 12:00:00,United States,PRO,2026-01-11
10064,2026-01-14 12:00:00,United States,FREE,2026-01-14
10008,2026-01-04 12:00:00,Brasil,PRO,2026-01-04
10180,2026-01-08 12:00:00,México,FREE,2026-01-08
10105,2026-01-09 12:00:00,España,PRO,2026-01-09
10219,2026-01-09 12:00:00,Canada,FREE,2026-01-09
10210,2026-01-05 12:00:00,España,FREE,2026-01-05
10203,2026-01-11 12:00:00,España,FREE,2026-01-11
10045,2026-01-04 12:00:00,United States,FREE,2026-01-04
10046,2026-01-10 12:00:00,United States,PRO,2026-01-10
10156,2026-01-17 12:00:00,Brasil,FREE,2026-01-17
10060,2026-01-04 12:00:00,España,ENTERPRISE,2026-01-04
10078,2026-01-18 12:00:00,México,FREE,2026-01-18
10112,2026-01-02 12:00:00,Brasil,PRO,2026-01-02
10013,2026-01-11 12:00:00,United States,FREE,2026-01-11
10168,2026-01-11 12:00:00,United States,PRO,2026-01-11
10043,2026-01-01 12:00:00,Canada,FREE,2026-01-01
10211,2026-01-10 12:00:00,United States,PRO,2026-01-10
10075,2026-01-06 12:00:00,Brasil,FREE,2026-01-06
10100,2026-01-13 12:00:00,España,FREE,2026-01-13
10133,2026-01-11 12:00:00,España,PRO,2026-01-11
10140,2026-01-01 12:00:00,Brasil,PRO,2026-01-01
10027,2026-01-04 12:00:00,Brasil,FREE,2026-01-04
10163,2026-01-06 12:00:00,Canada,FREE,2026-01-06
10160,2026-01-12 12:00:00,México,FREE,2026-01-12
10087,2026-01-04 12:00:00,México,FREE,2026-01-04
10033,2026-01-08 12:00:00,Brasil,PRO,2026-01-08
10219,2026-01-07 12:00:00,España,PRO,2026-01-07
10104,2026-01-13 12:00:00,United States,PRO,2026-01-13
10108,2026-01-18 12:00:00,Canada,PRO,2026-01-18
10049,2026-01-01 12:00:00,España,PRO,2026-01-01
10020,2026-01-16 12:00:00,México,PRO,2026-01-16
10180,2026-01-02 12:00:00,Canada,PRO,2026-01-02
10111,2026-01-01 12:00:00,Canada,PRO,2026-01-01
10098,2026-01-05 12:00:00,España,PRO,2026-01-05
10106,2026-01-15 12:00:00,México,FREE,2026-01-15
10169,2026-01-16 12:00:00,Brasil,ENTERPRISE,2026-01-16
10050,2026-01-07 12:00:00,United States,PRO,2026-01-07
10169,2026-01-17 12:00:00,España,FREE,2026-01-17
10115,2026-01-06 12:00:00,United States,FREE,2026-01-06
10105,2026-01-11 12:00:00,Brasil,FREE,2026-01-11
10146,2026-01-10 12:00:00,Brasil,PRO,2026-01-10
10142,2026-01-17 12:00:00,México,ENTERPRISE,2026-01-17
10060,2026-01-10 12:00:00,Brasil,PRO,2026-01-10
10137,2026-01-14 12:00:00,México,PRO,2026-01-14
10045,2026-01-10 12:00:00,Brasil,PRO,2026-01-10
10209,2026-01-13 12:00:00,España,PRO,2026-01-13
10106,2026-01-14 12:00:00,México,ENTERPRISE,2026-01-14
10027,2026-01-03 12:00:00,Brasil,FREE,2026-01-03
10074,2026-01-17 12:00:00,España,ENTERPRISE,2026-01-17
10133,2026-01-08 12:00:00,Canada,ENTERPRISE,2026-01-08
10068,2026-01-05 12:00:00,México,FREE,2026-01-05
10185,2026-01-18 12:00:00,Brasil,FREE,2026-01-18
10117,2026-01-09 12:00:00,Canada,PRO,2026-01-09
10173,2026-01-13 12:00:00,España,PRO,2026-01-13
10132,2026-01-02 12:00:00,Canada,PRO,2026-01-02
10146,2026-01-17 12:00:00,España,ENTERPRISE,2026-01-17
10112,2026-01-05 12:00:00,Canada,PRO,2026-01-05
10064,2026-01-08 12:00:00,Brasil,PRO,2026-01-08
10129,2026-01-10 12:00:00,Canada,PRO,2026-01-10
10025,2026-01-04 12:00:00,Canada,PRO,2026-01-04
10179,2026-01-11 12:00:00,United States,FREE,2026-01-11
10188,2026-01-11 12:00:00,United States,PRO,2026-01-11
10127,2026-01-08 12:00:00,Brasil,PRO,2026-01-08
10085,2026-01-02 12:00:00,United States,PRO,2026-01-02
10141,2026-01-08 12:00:00,México,PRO,2026-01-08
10118,2026-01-11 12:00:00,México,PRO,2026-01-11
10088,2026-01-02 12:00:00,Brasil,PRO,2026-01-02
10171,2026-01-13 12:00:00,Canada,FREE,2026-01-13
10209,2026-01-16 12:00:00,México,PRO,2026-01-16
10178,2026-01-04 12:00:00,España,PRO,2026-01-04
10068,2026-01-14 12:00:00,United States,PRO,2026-01-14
10199,2026-01-04 12:00:00,España,PRO,2026-01-04
10021,2026-01-07 12:00:00,United States,PRO,2026-01-07
10183,2026-01-10 12:00:00,Canada,FREE,2026-01-10
10137,2026-01-16 12:00:00,Brasil,PRO,2026-01-16
10085,2026-01-09 12:00:00,Brasil,FREE,2026-01-09
10095,2026-01-16 12:00:00,México,PRO,2026-01-16
10159,2026-01-15 12:00:00,España,PRO,2026-01-15
10022,2026-01-08 12:00:00,United States,FREE,2026-01-08
10219,2026-01-16 12:00:00,España,PRO,2026-01-16
10162,2026-01-01 12:00:00,Brasil,ENTERPRISE,2026-01-01
10110,2026-01-10 12:00:00,Brasil,FREE,2026-01-10
10035,2026-01-04 12:00:00,España,FREE,2026-01-04
10186,2026-01-15 12:00:00,United States,PRO,2026-01-15
10078,2026-01-03 12:00:00,España,PRO,2026-01-03
10120,2026-01-05 12:00:00,España,ENTERPRISE,2026-01-05
10019,2026-01-03 12:00:00,Canada,PRO,2026-01-03
10182,2026-01-02 12:00:00,España,PRO,2026-01-02
10113,2026-01-15 12:00:00,Canada,FREE,2026-01-15
10186,2026-01-10 12:00:00,United States,PRO,2026-01-10
10210,2026-01-12 12:00:00,Canada,FREE,2026-01-12
10000,2026-01-02 12:00:00,México,PRO,2026-01-02
10085,2026-01-06 12:00:00,España,FREE,2026-01-06
10066,2026-01-17 12:00:00,España,PRO,2026-01-17
10200,2026-01-17 12:00:00,United States,PRO,2026-01-17
10081,2026-01-02 12:00:00,México,FREE,2026-01-02
10018,2026-01-01 12:00:00,Canada,PRO,2026-01-01
10172,2026-01-10 12:00:00,Canada,PRO,2026-01-10
10070,2026-01-11 12:00:00,México,FREE,2026-01-11
10174,2026-01-11 12:00:00,United States,PRO,2026-01-11
10038,2026-01-05 12:00:00,United States,PRO,2026-01-05
10037,2026-01-02 12:00:00,Brasil,FREE,2026-01-02
10006,2026-01-04 12:00:00,España,FREE,2026-01-04
10210,2026-01-12 12:00:00,España,PRO,2026-01-12
10113,2026-01-11 12:00:00,España,FREE,2026-01-11
10060,2026-01-08 12:00:00,México,PRO,2026-01-08
10136,2026-01-06 12:00:00,Brasil,FREE,2026-01-06
10068,2026-01-09 12:00:00,México,PRO,2026-01-09
10152,2026-01-17 12:00:00,España,FREE,2026-01-17
10107,2026-01-08 12:00:00,Brasil,PRO,2026-01-08
10080,2026-01-17 12:00:00,México,ENTERPRISE,2026-01-17
10043,2026-01-02 12:00:00,España,PRO,2026-01-02
10112,2026-01-09 12:00:00,España,FREE,2026-01-09
10215,2026-01-09 12:00:00,México,PRO,2026-01-09
10090,2026-01-12 12:00:00,United States,PRO,2026-01-12
10218,2026-01-18 12:00:00,España,FREE,2026-01-18
10045,2026-01-18 12:00:00,México,PRO,2026-01-18
10210,2026-01-06 12:00:00,España,FREE,2026-01-06
10150,2026-01-05 12:00:00,Brasil,PRO,2026-01-05
10075,2026-01-07 12:00:00,México,PRO,2026-01-07
10035,2026-01-02 12:00:00,Canada,FREE,2026-01-02
10022,2026-01-18 12:00:00,México,PRO,2026-01-18
10136,2026-01-17 12:00:00,Brasil,ENTERPRISE,2026-01-17
10203,2026-01-13 12:00:00,Canada,FREE,2026-01-13
10136,2026-01-01 12:00:00,Brasil,PRO,2026-01-01
10101,2026-01-05 12:00:00,Brasil,FREE,2026-01-05
10025,2026-01-18 12:00:00,México,PRO,2026-01-18
10149,2026-01-03 12:00:00,México,PRO,2026-01-03
10144,2026-01-07 12:00:00,España,PRO,2026-01-07
10157,2026-01-01 12:00:00,México,ENTERPRISE,2026-01-01
10037,2026-01-06 12:00:00,United States,FREE,2026-01-06
10011,2026-01-16 12:00:00,Brasil,FREE,2026-01-16
10030,2026-01-05 12:00:00,México,PRO,2026-01-05
10004,2026-01-07 12:00:00,United States,PRO,2026-01-07
10038,2026-01-07 12:00:00,United States,PRO,2026-01-07
10015,2026-01-07 12:00:00,United States,PRO,2026-01-07
10081,2026-01-08 12:00:00,Brasil,FREE,2026-01-08
10149,2026-01-01 12:00:00,México,FREE,2026-01-01
10054,2026-01-03 12:00:00,Brasil,FREE,2026-01-03
10138,2026-01-08 12:00:00,Canada,PRO,2026-01-08
10098,2026-01-13 12:00:00,España,PRO,2026-01-13
10120,2026-01-13 12:00:00,México,PRO,2026-01-13
10083,2026-01-18 12:00:00,España,PRO,2026-01-18
10121,2026-01-15 12:00:00,Canada,FREE,2026-01-15
10179,2026-01-01 12:00:00,Canada,FREE,2026-01-01
10084,2026-01-10 12:00:00,United States,PRO,2026-01-10
10132,2026-01-04 12:00:00,United States,PRO,2026-01-04
10189,2026-01-14 12:00:00,España,FREE,2026-01-14
10050,2026-01-16 12:00:00,Brasil,FREE,2026-01-16
10052,2026-01-02 12:00:00,Brasil,FREE,2026-01-02
10138,2026-01-03 12:00:00,Brasil,PRO,2026-01-03
10173,2026-01-13 12:00:00,España,FREE,2026-01-13
10212,2026-01-07 12:00:00,Brasil,FREE,2026-01-07
10097,2026-01-16 12:00:00,Canada,ENTERPRISE,2026-01-16
10025,2026-01-17 12:00:00,México,ENTERPRISE,2026-01-17
10060,2026-01-12 12:00:00,United States,PRO,2026-01-12
10183,2026-01-17 12:00:00,España,PRO,2026-01-17
10020,2026-01-07 12:00:00,México,PRO,2026-01-07
10202,2026-01-10 12:00:00,Canada,PRO,2026-01-10
10165,2026-01-10 12:00:00,España,FREE,2026-01-10
10027,2026-01-18 12:00:00,España,PRO,2026-01-18
10020,2026-01-09 12:00:00,España,FREE,2026-01-09
10004,2026-01-01 12:00:00,España,FREE,2026-01-01
10157,2026-01-16 12:00:00,México,FREE,2026-01-16
10094,2026-01-14 12:00:00,Canada,FREE,2026-01-14
10012,2026-01-02 12:00:00,España,PRO,2026-01-02
10105,2026-01-14 12:00:00,España,FREE,2026-01-14
10077,2026-01-01 12:00:00,México,FREE,2026-01-01
10089,2026-01-12 12:00:00,España,PRO,2026-01-12
10015,2026-01-14 12:00:00,Canada,FREE,2026-01-14
10204,2026-01-16 12:00:00,México,FREE,2026-01-16
10197,2026-01-14 12:00:00,México,FREE,2026-01-14
10158,2026-01-11 12:00:00,Canada,FREE,2026-01-11
10184,2026-01-09 12:00:00,México,PRO,2026-01-09
10129,2026-01-09 12:00:00,Brasil,FREE,2026-01-09
10159,2026-01-02 12:00:00,United States,PRO,2026-01-02
10139,2026-01-10 12:00:00,España,PRO,2026-01-10
10167,2026-01-18 12:00:00,United States,FREE,2026-01-18
10205,2026-01-02 12:00:00,Canada,PRO,2026-01-02
10150,2026-01-16 12:00:00,México,PRO,2026-01-16
10183,2026-01-14 12:00:00,México,PRO,2026-01-14
10143,2026-01-18 12:00:00,España,FREE,2026-01-18
10152,2026-01-02 12:00:00,Brasil,PRO,2026-01-02
10158,2026-01-04 12:00:00,España,PRO,2026-01-04
10217,2026-01-01 12:00:00,México,FREE,2026-01-01
10040,2026-01-03 12:00:00,Brasil,FREE,2026-01-03
10218,2026-01-09 12:00:00,México,PRO,2026-01-09
10127,2026-01-14 12:00:00,Brasil,PRO,2026-01-14
10071,2026-01-03 12:00:00,United States,PRO,2026-01-03
10140,2026-01-06 12:00:00,México,PRO,2026-01-06
10196,2026-01-10 12:00:00,Brasil,FREE,2026-01-10
10106,2026-01-13 12:00:00,España,ENTERPRISE,2026-01-13
10011,2026-01-11 12:00:00,United States,PRO,2026-01-11
10076,2026-01-02 12:00:00,México,FREE,2026-01-02
10106,2026-01-11 12:00:00,México,PRO,2026-01-11
10004,2026-01-08 12:00:00,Canada,PRO,2026-01-08
10079,2026-01-12 12:00:00,Canada,PRO,2026-01-12
10034,2026-01-04 12:00:00,México,PRO,2026-01-04
10056,2026-01-17 12:00:00,México,PRO,2026-01-17
10131,2026-01-15 12:00:00,United States,PRO,2026-01-15
10063,2026-01-16 12:00:00,Brasil,PRO,2026-01-16
10120,2026-01-02 12:00:00,México,PRO,2026-01-02
10074,2026-01-13 12:00:00,España,FREE,2026-01-13
10046,2026-01-01 12:00:00,United States,FREE,2026-01-01
10192,2026-01-09 12:00:00,Canada,FREE,2026-01-09
10033,2026-01-11 12:00:00,México,PRO,2026-01-11
10049,2026-01-04 12:00:00,España,PRO,2026-01-04
10010,2026-01-12 12:00:00,España,FREE,2026-01-12
10183,2026-01-08 12:00:00,United States,PRO,2026-01-08
10201,2026-01-03 12:00:00,Canada,PRO,2026-01-03
10136,2026-01-08 12:00:00,Canada,PRO,2026-01-08
10118,2026-01-17 12:00:00,Brasil,FREE,2026-01-17
10000,2026-01-10 12:00:00,United States,PRO,2026-01-10
10027,2026-01-16 12:00:00,México,PRO,2026-01-16
10067,2026-01-12 12:00:00,España,PRO,2026-01-12
10106,2026-01-07 12:00:00,United States,FREE,2026-01-07
10069,2026-01-09 12:00:00,España,PRO,2026-01-09
10083,2026-01-02 12:00:00,United States,FREE,2026-01-02
10137,2026-01-04 12:00:00,España,FREE,2026-01-04
10167,2026-01-17 12:00:00,México,FREE,2026-01-17
10170,2026-01-13 12:00:00,Brasil,ENTERPRISE,2026-01-13
10097,2026-01-12 12:00:00,México,ENTERPRISE,2026-01-12
10006,2026-01-13 12:00:00,España,FREE,2026-01-13
10166,2026-01-07 12:00:00,Canada,FREE,2026-01-07
10098,2026-01-08 12:00:00,Canada,PRO,2026-01-08
10063,2026-01-15 12:00:00,Brasil,FREE,2026-01-15
10105,2026-01-09 12:00:00,United States,PRO,2026-01-09
10067,2026-01-08 12:00:00,España,FREE,2026-01-08
10087,2026-01-07 12:00:00,España,FREE,2026-01-07
10042,2026-01-09 12:00:00,United States,PRO,2026-01-09
10146,2026-01-04 12:00:00,Brasil,PRO,2026-01-04
10066,2026-01-17 12:00:00,Canada,FREE,2026-01-17
10202,2026-01-13 12:00:00,Brasil,PRO,2026-01-13
10107,2026-01-03 12:00:00,United States,PRO,2026-01-03
10079,2026-01-04 12:00:00,España,PRO,2026-01-04
10075,2026-01-12 12:00:00,United States,PRO,2026-01-12
10010,2026-01-03 12:00:00,Brasil,ENTERPRISE,2026-01-03
10132,2026-01-17 12:00:00,United States,PRO,2026-01-17
10033,2026-01-05 12:00:00,Canada,ENTERPRISE,2026-01-05
10082,2026-01-01 12:00:00,España,FREE,2026-01-01
10044,2026-01-13 12:00:00,United States,PRO,2026-01-13
10062,2026-01-13 12:00:00,United States,FREE,2026-01-13
10047,2026-01-04 12:00:00,Canada,FREE,2026-01-04
10218,2026-01-05 12:00:00,United States,PRO,2026-01-05
10165,2026-01-11 12:00:00,Brasil,ENTERPRISE,2026-01-11
10089,2026-01-08 12:00:00,México,ENTERPRISE,2026-01-08
10131,2026-01-03 12:00:00,México,PRO,2026-01-03
10149,2026-01-10 12:00:00,Brasil,PRO,2026-01-10
10002,2026-01-17 12:00:00,United States,FREE,2026-01-17
10077,2026-01-05 12:00:00,España,PRO,2026-01-05
10184,2026-01-11 12:00:00,México,PRO,2026-01-11
10080,2026-01-09 12:00:00,United States,FREE,2026-01-09
10037,2026-01-17 12:00:00,Canada,PRO,2026-01-17
10171,2026-01-03 12:00:00,Brasil,FREE,2026-01-03
10106,2026-01-16 12:00:00,España,PRO,2026-01-16
10129,2026-01-06 12:00:00,Canada,FREE,2026-01-06
10107,2026-01-03 12:00:00,España,PRO,2026-01-03
10061,2026-01-09 12:00:00,Canada,FREE,2026-01-09
10089,2026-01-08 12:00:00,United States,FREE,2026-01-08
10113,2026-01-01 12:00:00,México,FREE,2026-01-01
10204,2026-01-10 12:00:00,México,PRO,2026-01-10
10121,2026-01-16 12:00:00,España,FREE,2026-01-16
10201,2026-01-18 12:00:00,Canada,PRO,2026-01-18
10192,2026-01-13 12:00:00,United States,ENTERPRISE,2026-01-13
10175,2026-01-16 12:00:00,España,FREE,2026-01-16
10108,2026-01-13 12:00:00,Canada,PRO,2026-01-13
10194,2026-01-11 12:00:00,Brasil,PRO,2026-01-11
10139,2026-01-15 12:00:00,Brasil,PRO,2026-01-15
10175,2026-01-10 12:00:00,México,ENTERPRISE,2026-01-10
10019,2026-01-18 12:00:00,México,PRO,2026-01-18
10065,2026-01-15 12:00:00,United States,PRO,2026-01-15
10210,2026-01-18 12:00:00,España,PRO,2026-01-18
10186,2026-01-12 12:00:00,Brasil,PRO,2026-01-12
10021,2026-01-11 12:00:00,España,FREE,2026-01-11
10141,2026-01-16 12:00:00,España,PRO,2026-01-16
10087,2026-01-08 12:00:00,United States,ENTERPRISE,2026-01-08
10190,2026-01-03 12:00:00,United States,PRO,2026-01-03
10054,2026-01-05 12:00:00,Brasil,FREE,2026-01-05
10135,2026-01-11 12:00:00,Canada,FREE,2026-01-11
10096,2026-01-13 12:00:00,United States,ENTERPRISE,2026-01-13
10039,2026-01-07 12:00:00,Canada,FREE,2026-01-07
10108,2026-01-18 12:00:00,Brasil,FREE,2026-01-18
10216,2026-01-02 12:00:00,Brasil,PRO,2026-01-02
10069,2026-01-03 12:00:00,España,PRO,2026-01-03
10155,2026-01-05 12:00:00,México,PRO,2026-01-05
10167,2026-01-04 12:00:00,United States,PRO,2026-01-04
10151,2026-01-12 12:00:00,Canada,PRO,2026-01-12
10171,2026-01-02 12:00:00,México,FREE,2026-01-02
10060,2026-01-13 12:00:00,España,ENTERPRISE,2026-01-13
10076,2026-01-09 12:00:00,Brasil,PRO,2026-01-09
10024,2026-01-01 12:00:00,United States,PRO,2026-01-01
10105,2026-01-08 12:00:00,United States,FREE,2026-01-08
10105,2026-01-05 12:00:00,United States,FREE,2026-01-05
10030,2026-01-16 12:00:00,Canada,PRO,2026-01-16
10116,2026-01-02 12:00:00,Canada,PRO,2026-01-02
10212,2026-01-02 12:00:00,España,PRO,2026-01-02
10075,2026-01-05 12:00:00,United States,FREE,2026-01-05
10067,2026-01-02 12:00:00,Brasil,ENTERPRISE,2026-01-02
10145,2026-01-12 12:00:00,United States,PRO,2026-01-12
10112,2026-01-11 12:00:00,Canada,PRO,2026-01-11
10076,2026-01-04 12:00:00,Canada,FREE,2026-01-04
10176,2026-01-13 12:00:00,Canada,ENTERPRISE,2026-01-13
10185,2026-01-15 12:00:00,Brasil,PRO,2026-01-15
10213,2026-01-07 12:00:00,México,PRO,2026-01-07
10062,2026-01-05 12:00:00,United States,FREE,2026-01-05
10035,2026-01-04 12:00:00,Brasil,PRO,2026-01-04
10126,2026-01-17 12:00:00,España,FREE,2026-01-17
10186,2026-01-18 12:00:00,Brasil,PRO,2026-01-18
10139,2026-01-04 12:00:00,United States,PRO,2026-01-04
10028,2026-01-04 12:00:00,Brasil,FREE,2026-01-04
10140,2026-01-12 12:00:00,Brasil,FREE,2026-01-12
10196,2026-01-18 12:00:00,México,PRO,2026-01-18
10204,2026-01-14 12:00:00,España,ENTERPRISE,2026-01-14
10191,2026-01-18 12:00:00,España,FREE,2026-01-18
10072,2026-01-13 12:00:00,Canada,FREE,2026-01-13
10107,2026-01-16 12:00:00,México,PRO,2026-01-16
10162,2026-01-14 12:00:00,United States,PRO,2026-01-14
10013,2026-01-15 12:00:00,México,FREE,2026-01-15
10163,2026-01-09 12:00:00,Brasil,PRO,2026-01-09
10193,2026-01-08 12:00:00,Canada,PRO,2026-01-08
10148,2026-01-03 12:00:00,Canada,PRO,2026-01-03
10113,2026-01-17 12:00:00,Canada,PRO,2026-01-17
10180,2026-01-16 12:00:00,United States,FREE,2026-01-16
10053,2026-01-15 12:00:00,Canada,ENTERPRISE,2026-01-15
10022,2026-01-13 12:00:00,United States,PRO,2026-01-13
10149,2026-01-12 12:00:00,Canada,PRO,2026-01-12
10151,2026-01-16 12:00:00,México,PRO,2026-01-16
10072,2026-01-17 12:00:00,Canada,FREE,2026-01-17
10213,2026-01-18 12:00:00,México,PRO,2026-01-18
10044,2026-01-05 12:00:00,Canada,FREE,2026-01-05
10088,2026-01-04 12:00:00,España,FREE,2026-01-04
10148,2026-01-11 12:00:00,Canada,FREE,2026-01-11
10136,2026-01-10 12:00:00,United States,PRO,2026-01-10
10084,2026-01-13 12:00:00,Brasil,PRO,2026-01-13
10158,2026-01-09 12:00:00,United States,PRO,2026-01-09
10085,2026-01-18 12:00:00,España,FREE,2026-01-18
10156,2026-01-16 12:00:00,United States,FREE,2026-01-16
10197,2026-01-09 12:00:00,Canada,FREE,2026-01-09
10062,2026-01-16 12:00:00,España,PRO,2026-01-16
10142,2026-01-11 12:00:00,Brasil,PRO,2026-01-11
10000,2026-01-07 12:00:00,España,FREE,2026-01-07
10039,2026-01-08 12:00:00,Brasil,FREE,2026-01-08
10025,2026-01-13 12:00:00,Brasil,ENTERPRISE,2026-01-13
10020,2026-01-16 12:00:00,México,FREE,2026-01-16
10042,2026-01-04 12:00:00,España,PRO,2026-01-04
10003,2026-01-18 12:00:00,Canada,ENTERPRISE,2026-01-18
10192,2026-01-01 12:00:00,México,FREE,2026-01-01
10061,2026-01-03 12:00:00,Brasil,FREE,2026-01-03
10034,2026-01-05 12:00:00,United States,PRO,2026-01-05
10207,2026-01-17 12:00:00,España,PRO,2026-01-17
10035,2026-01-02 12:00:00,Brasil,FREE,2026-01-02
10112,2026-01-12 12:00:00,Canada,PRO,2026-01-12
10136,2026-01-06 12:00:00,Canada,FREE,2026-01-06
10150,2026-01-16 12:00:00,México,FREE,2026-01-16
10138,2026-01-06 12:00:00,United States,PRO,2026-01-06
10005,2026-01-16 12:00:00,México,ENTERPRISE,2026-01-16
10004,2026-01-14 12:00:00,España,PRO,2026-01-14
10141,2026-01-07 12:00:00,España,PRO,2026-01-07
10171,2026-01-04 12:00:00,Brasil,PRO,2026-01-04
10145,2026-01-12 12:00:00,Canada,PRO,2026-01-12
10043,2026-01-15 12:00:00,España,ENTERPRISE,2026-01-15
10200,2026-01-11 12:00:00,México,ENTERPRISE,2026-01-11
10203,2026-01-04 12:00:00,Canada,FREE,2026-01-04
10156,2026-01-09 12:00:00,United States,FREE,2026-01-09
10177,2026-01-09 12:00:00,Brasil,FREE,2026-01-09
10050,2026-01-05 12:00:00,España,PRO,2026-01-05
10086,2026-01-06 12:00:00,España,PRO,2026-01-06
10029,2026-01-04 12:00:00,Canada,FREE,2026-01-04
10186,2026-01-14 12:00:00,Brasil,FREE,2026-01-14
10042,2026-01-05 12:00:00,Canada,FREE,2026-01-05
10075,2026-01-01 12:00:00,México,FREE,2026-01-01
10063,2026-01-03 12:00:00,México,PRO,2026-01-03
10131,2026-01-08 12:00:00,México,PRO,2026-01-08
10024,2026-01-05 12:00:00,United States,ENTERPRISE,2026-01-05
10178,2026-01-10 12:00:00,Brasil,PRO,2026-01-10
10214,2026-01-03 12:00:00,Brasil,PRO,2026-01-03
10119,2026-01-07 12:00:00,Brasil,FREE,2026-01-07
10035,2026-01-14 12:00:00,United States,FREE,2026-01-14
10070,2026-01-08 12:00:00,Canada,FREE,2026-01-08
10106,2026-01-11 12:00:00,United States,PRO,2026-01-11
10060,2026-01-01 12:00:00,Brasil,PRO,2026-01-01
10098,2026-01-03 12:00:00,United States,FREE,2026-01-03
10044,2026-01-16 12:00:00,España,PRO,2026-01-16
10112,2026-01-12 12:00:00,Brasil,FREE,2026-01-12
10022,2026-01-03 12:00:00,United States,ENTERPRISE,2026-01-03
10133,2026-01-04 12:00:00,Canada,PRO,2026-01-04
10211,2026-01-14 12:00:00,México,PRO,2026-01-14
10009,2026-01-16 12:00:00,United States,PRO,2026-01-16
10026,2026-01-12 12:00:00,United States,FREE,2026-01-12
10137,2026-01-06 12:00:00,México,ENTERPRISE,2026-01-06
10126,2026-01-14 12:00:00,Canada,FREE,2026-01-14
10199,2026-01-11 12:00:00,United States,FREE,2026-01-11
10208,2026-01-12 12:00:00,Canada,FREE,2026-01-12
10044,2026-01-05 12:00:00,España,FREE,2026-01-05
10137,2026-01-17 12:00:00,España,PRO,2026-01-17
10095,2026-01-10 12:00:00,México,FREE,2026-01-10
10072,2026-01-14 12:00:00,México,PRO,2026-01-14
10209,2026-01-07 12:00:00,España,PRO,2026-01-07
10116,2026-01-10 12:00:00,Brasil,PRO,2026-01-10
10160,2026-01-01 12:00:00,España,ENTERPRISE,2026-01-01
10029,2026-01-11 12:00:00,España,FREE,2026-01-11
10180,2026-01-17 12:00:00,Brasil,ENTERPRISE,2026-01-17
10105,2026-01-18 12:00:00,Brasil,FREE,2026-01-18
10020,2026-01-03 12:00:00,México,ENTERPRISE,2026-01-03
10192,2026-01-06 12:00:00,United States,PRO,2026-01-06
10144,2026-01-15 12:00:00,Canada,PRO,2026-01-15
10081,2026-01-03 12:00:00,México,PRO,2026-01-03
10166,2026-01-16 12:00:00,Canada,ENTERPRISE,2026-01-16
10058,2026-01-13 12:00:00,España,FREE,2026-01-13
10014,2026-01-12 12:00:00,España,PRO,2026-01-12
10005,2026-01-07 12:00:00,Brasil,FREE,2026-01-07
10084,2026-01-18 12:00:00,United States,PRO,2026-01-18
10124,2026-01-09 12:00:00,España,PRO,2026-01-09
10017,2026-01-04 12:00:00,Canada,PRO,2026-01-04
10186,2026-01-17 12:00:00,Canada,FREE,2026-01-17
10156,2026-01-13 12:00:00,Canada,PRO,2026-01-13
10167,2026-01-11 12:00:00,Brasil,PRO,2026-01-11
10169,2026-01-17 12:00:00,United States,FREE,2026-01-17
10180,2026-01-01 12:00:00,México,FREE,2026-01-01
10219,2026-01-10 12:00:00,Canada,FREE,2026-01-10
10211,2026-01-01 12:00:00,Canada,FREE,2026-01-01
10067,2026-01-04 12:00:00,United States,FREE,2026-01-04
10178,2026-01-06 12:00:00,Canada,PRO,2026-01-06
10143,2026-01-08 12:00:00,Canada,FREE,2026-01-08
10157,2026-01-12 12:00:00,México,PRO,2026-01-12
10099,2026-01-06 12:00:00,United States,FREE,2026-01-06
10060,2026-01-06 12:00:00,México,PRO,2026-01-06
10000,2026-01-04 12:00:00,United States,FREE,2026-01-04
10179,2026-01-05 12:00:00,España,PRO,2026-01-05
10057,2026-01-18 12:00:00,Brasil,FREE,2026-01-18
10117,2026-01-10 12:00:00,México,FREE,2026-01-10
10129,2026-01-14 12:00:00,México,PRO,2026-01-14
10108,2026-01-09 12:00:00,Brasil,FREE,2026-01-09
10013,2026-01-08 12:00:00,España,PRO,2026-01-08
10053,2026-01-16 12:00:00,United States,PRO,2026-01-16
10015,2026-01-13 12:00:00,Canada,PRO,2026-01-13
10182,2026-01-10 12:00:00,México,PRO,2026-01-10
10005,2026-01-15 12:00:00,Canada,PRO,2026-01-15
10037,2026-01-18 12:00:00,España,PRO,2026-01-18
10011,2026-01-12 12:00:00,Brasil,PRO,2026-01-12
10219,2026-01-03 12:00:00,México,PRO,2026-01-03
10198,2026-01-02 12:00:00,México,PRO,2026-01-02
10217,2026-01-02 12:00:00,Brasil,PRO,2026-01-02
10024,2026-01-03 12:00:00,United States,FREE,2026-01-03
10083,2026-01-07 12:00:00,United States,ENTERPRISE,2026-01-07
10180,2026-01-11 12:00:00,Brasil,FREE,2026-01-11
10107,2026-01-09 12:00:00,España,PRO,2026-01-09
10161,2026-01-04 12:00:00,México,PRO,2026-01-04
10208,2026-01-09 12:00:00,Brasil,ENTERPRISE,2026-01-09
10198,2026-01-10 12:00:00,United States,FREE,2026-01-10
10175,2026-01-09 12:00:00,Canada,PRO,2026-01-09
10214,2026-01-04 12:00:00,United States,PRO,2026-01-04
10043,2026-01-13 12:00:00,Canada,PRO,2026-01-13
10006,2026-01-18 12:00:00,España,PRO,2026-01-18
10205,2026-01-15 12:00:00,United States,PRO,2026-01-15
10195,2026-01-10 12:00:00,Brasil,PRO,2026-01-10
10091,2026-01-14 12:00:00,Canada,FREE,2026-01-14
10016,2026-01-01 12:00:00,España,PRO,2026-01-01
10147,2026-01-10 12:00:00,United States,PRO,2026-01-10
10010,2026-01-05 12:00:00,Brasil,FREE,2026-01-05
10070,2026-01-13 12:00:00,México,FREE,2026-01-13
10067,2026-01-12 12:00:00,United States,FREE,2026-01-12
10089,2026-01-18 12:00:00,México,FREE,2026-01-18
10005,2026-01-14 12:00:00,España,FREE,2026-01-14
10196,2026-01-06 12:00:00,España,PRO,2026-01-06
10204,2026-01-01 12:00:00,United States,PRO,2026-01-01
10038,2026-01-08 12:00:00,España,FREE,2026-01-08
10091,2026-01-03 12:00:00,Canada,PRO,2026-01-03
10146,2026-01-10 12:00:00,United States,PRO,2026-01-10
10077,2026-01-01 12:00:00,México,PRO,2026-01-01
10150,2026-01-05 12:00:00,Brasil,FREE,2026-01-05
10040,2026-01-02 12:00:00,Brasil,FREE,2026-01-02
10091,2026-01-16 12:00:00,Brasil,FREE,2026-01-16
10092,2026-01-09 12:00:00,Brasil,FREE,2026-01-09
10139,2026-01-05 12:00:00,México,FREE,2026-01-05
10176,2026-01-07 12:00:00,Canada,FREE,2026-01-07
10078,2026-01-16 12:00:00,Brasil,ENTERPRISE,2026-01-16
10201,2026-01-11 12:00:00,United States,ENTERPRISE,2026-01-11
10134,2026-01-12 12:00:00,Canada,FREE,2026-01-12
10093,2026-01-18 12:00:00,Canada,PRO,2026-01-18
10136,2026-01-08 12:00:00,México,FREE,2026-01-08
10075,2026-01-09 12:00:00,United States,FREE,2026-01-09
10014,2026-01-13 12:00:00,United States,FREE,2026-01-13
10215,2026-01-06 12:00:00,Brasil,PRO,2026-01-06
10078,2026-01-01 12:00:00,United States,FREE,2026-01-01
10201,2026-01-13 12:00:00,Canada,FREE,2026-01-13
10174,2026-01-16 12:00:00,United States,ENTERPRISE,2026-01-16
10162,2026-01-15 12:00:00,Brasil,FREE,2026-01-15
10191,2026-01-08 12:00:00,Canada,FREE,2026-01-08
10202,2026-01-02 12:00:00,United States,FREE,2026-01-02
10056,2026-01-17 12:00:00,México,FREE,2026-01-17
10141,2026-01-06 12:00:00,Canada,FREE,2026-01-06
10126,2026-01-02 12:00:00,Canada,PRO,2026-01-02
10183,2026-01-06 12:00:00,Brasil,FREE,2026-01-06
10058,2026-01-12 12:00:00,Canada,FREE,2026-01-12
10218,2026-01-12 12:00:00,México,ENTERPRISE,2026-01-12
10189,2026-01-08 12:00:00,Canada,PRO,2026-01-08
10141,2026-01-14 12:00:00,España,FREE,2026-01-14
10144,2026-01-02 12:00:00,España,PRO,2026-01-02
10166,2026-01-08 12:00:00,México,FREE,2026-01-08
10100,2026-01-15 12:00:00,México,FREE,2026-01-15
10214,2026-01-09 12:00:00,México,FREE,2026-01-09
10180,2026-01-03 12:00:00,México,FREE,2026-01-03
10105,2026-01-09 12:00:00,United States,FREE,2026-01-09
10184,2026-01-10 12:00:00,United States,FREE,2026-01-10
10139,2026-01-07 12:00:00,México,FREE,2026-01-07
10032,2026-01-02 12:00:00,España,ENTERPRISE,2026-01-02
10015,2026-01-04 12:00:00,España,PRO,2026-01-04
10016,2026-01-06 12:00:00,España,FREE,2026-01-06
10137,2026-01-06 12:00:00,United States,PRO,2026-01-06
10093,2026-01-04 12:00:00,Canada,FREE,2026-01-04
10119,2026-01-06 12:00:00,México,PRO,2026-01-06
10203,2026-01-10 12:00:00,Canada,PRO,2026-01-10
10113,2026-01-13 12:00:00,Canada,FREE,2026-01-13
10099,2026-01-07 12:00:00,Canada,FREE,2026-01-07
10092,2026-01-03 12:00:00,México,PRO,2026-01-03
10056,2026-01-14 12:00:00,Brasil,PRO,2026-01-14
10161,2026-01-06 12:00:00,United States,PRO,2026-01-06
10154,2026-01-06 12:00:00,United States,FREE,2026-01-06
10104,2026-01-04 12:00:00,España,ENTERPRISE,2026-01-04
10041,2026-01-07 12:00:00,Canada,FREE,2026-01-07
10015,2026-01-10 12:00:00,Canada,FREE,2026-01-10
10195,2026-01-03 12:00:00,España,FREE,2026-01-03
10116,2026-01-12 12:00:00,México,FREE,2026-01-12
10149,2026-01-04 12:00:00,Canada,PRO,2026-01-04
10103,2026-01-12 12:00:00,España,PRO,2026-01-12
10142,2026-01-07 12:00:00,Canada,FREE,2026-01-07
10201,2026-01-07 12:00:00,United States,ENTERPRISE,2026-01-07
10092,2026-01-11 12:00:00,Canada,PRO,2026-01-11
10090,2026-01-07 12:00:00,Brasil,PRO,2026-01-07
10214,2026-01-04 12:00:00,United States,FREE,2026-01-04
10116,2026-01-11 12:00:00,México,PRO,2026-01-11
10103,2026-01-14 12:00:00,Brasil,PRO,2026-01-14
10209,2026-01-17 12:00:00,España,FREE,2026-01-17
10203,2026-01-12 12:00:00,México,FREE,2026-01-12
10126,2026-01-03 12:00:00,Brasil,FREE,2026-01-03
10163,2026-01-03 12:00:00,Brasil,PRO,2026-01-03
10044,2026-01-07 12:00:00,Canada,FREE,2026-01-07
10204,2026-01-07 12:00:00,México,PRO,2026-01-07
10096,2026-01-07 12:00:00,Brasil,ENTERPRISE,2026-01-07
10001,2026-01-04 12:00:00,España,PRO,2026-01-04
10158,2026-01-12 12:00:00,México,PRO,2026-01-12
10013,2026-01-06 12:00:00,United States,ENTERPRISE,2026-01-06
10082,2026-01-05 12:00:00,México,ENTERPRISE,2026-01-05
10051,2026-01-06 12:00:00,Canada,PRO,2026-01-06
10129,2026-01-05 12:00:00,México,FREE,2026-01-05
10185,2026-01-04 12:00:00,Canada,FREE,2026-01-04
10144,2026-01-02 12:00:00,España,FREE,2026-01-02
10177,2026-01-12 12:00:00,United States,PRO,2026-01-12
10110,2026-01-03 12:00:00,United States,PRO,2026-01-03
10069,2026-01-15 12:00:00,México,PRO,2026-01-15
10010,2026-01-10 12:00:00,España,PRO,2026-01-10
10062,2026-01-18 12:00:00,Brasil,PRO,2026-01-18
10017,2026-01-06 12:00:00,Canada,FREE,2026-01-06
10051,2026-01-16 12:00:00,United States,FREE,2026-01-16
10063,2026-01-03 12:00:00,Brasil,PRO,2026-01-03
10089,2026-01-12 12:00:00,United States,PRO,2026-01-12
10072,2026-01-10 12:00:00,Canada,FREE,2026-01-10
10043,2026-01-10 12:00:00,United States,PRO,2026-01-10
10147,2026-01-04 12:00:00,United States,FREE,2026-01-04
10146,2026-01-09 12:00:00,United States,ENTERPRISE,2026-01-09
10114,2026-01-11 12:00:00,México,PRO,2026-01-11
10219,2026-01-16 12:00:00,Brasil,PRO,2026-01-16
10114,2026-01-16 12:00:00,Brasil,PRO,2026-01-16
10156,2026-01-17 12:00:00,United States,PRO,2026-01-17
10016,2026-01-11 12:00:00,Canada,PRO,2026-01-11
10040,2026-01-17 12:00:00,United States,ENTERPRISE,2026-01-17
10131,2026-01-16 12:00:00,Brasil,PRO,2026-01-16
10054,2026-01-02 12:00:00,México,FREE,2026-01-02
10095,2026-01-02 12:00:00,Brasil,PRO,2026-01-02
10207,2026-01-03 12:00:00,Brasil,PRO,2026-01-03
10130,2026-01-06 12:00:00,Canada,ENTERPRISE,2026-01-06
10141,2026-01-08 12:00:00,United States,FREE,2026-01-08
10196,2026-01-17 12:00:00,United States,PRO,2026-01-17
10089,2026-01-05 12:00:00,México,FREE,2026-01-05
10191,2026-01-16 12:00:00,Canada,PRO,2026-01-16
10059,2026-01-16 12:00:00,México,FREE,2026-01-16
10151,2026-01-02 12:00:00,United States,PRO,2026-01-02
10055,2026-01-06 12:00:00,México,PRO,2026-01-06
10140,2026-01-18 12:00:00,United States,ENTERPRISE,2026-01-18
10021,2026-01-02 12:00:00,España,PRO,2026-01-02
10100,2026-01-18 12:00:00,España,FREE,2026-01-18
10090,2026-01-05 12:00:00,Canada,PRO,2026-01-05
10090,2026-01-11 12:00:00,United States,FREE,2026-01-11
10051,2026-01-16 12:00:00,Canada,PRO,2026-01-16
10119,2026-01-18 12:00:00,Canada,PRO,2026-01-18
10157,2026-01-16 12:00:00,United States,PRO,2026-01-16
10204,2026-01-15 12:00:00,España,PRO,2026-01-15
10090,2026-01-06 12:00:00,México,PRO,2026-01-06
10033,2026-01-13 12:00:00,Brasil,ENTERPRISE,2026-01-13
10189,2026-01-12 12:00:00,México,PRO,2026-01-12
10098,2026-01-04 12:00:00,Canada,PRO,2026-01-04
10083,2026-01-12 12:00:00,México,PRO,2026-01-12
10060,2026-01-01 12:00:00,United States,PRO,2026-01-01
10109,2026-01-03 12:00:00,España,PRO,2026-01-03
10218,2026-01-05 12:00:00,Brasil,FREE,2026-01-05
10013,2026-01-17 12:00:00,Canada,FREE,2026-01-17
10216,2026-01-07 12:00:00,México,FREE,2026-01-07
10077,2026-01-17 12:00:00,México,ENTERPRISE,2026-01-17
10188,2026-01-07 12:00:00,United States,PRO,2026-01-07
10092,2026-01-02 12:00:00,United States,PRO,2026-01-02
10194,2026-01-15 12:00:00,United States,FREE,2026-01-15
10076,2026-01-16 12:00:00,Brasil,PRO,2026-01-16
10187,2026-01-17 12:00:00,España,PRO,2026-01-17
10031,2026-01-15 12:00:00,United States,ENTERPRISE,2026-01-15
10142,2026-01-05 12:00:00,España,FREE,2026-01-05
10082,2026-01-14 12:00:00,Brasil,PRO,2026-01-14
10185,2026-01-12 12:00:00,United States,PRO,2026-01-12
10181,2026-01-12 12:00:00,México,PRO,2026-01-12
10154,2026-01-09 12:00:00,México,PRO,2026-01-09
10155,2026-01-07 12:00:00,Brasil,FREE,2026-01-07
10035,2026-01-06 12:00:00,México,ENTERPRISE,2026-01-06
10074,2026-01-03 12:00:00,México,FREE,2026-01-03
10082,2026-01-10 12:00:00,Brasil,PRO,2026-01-10
10207,2026-01-11 12:00:00,United States,PRO,2026-01-11
10014,2026-01-10 12:00:00,Canada,FREE,2026-01-10
10054,2026-01-10 12:00:00,España,FREE,2026-01-10
10028,2026-01-11 12:00:00,United States,PRO,2026-01-11
10207,2026-01-02 12:00:00,Canada,FREE,2026-01-02
10095,2026-01-14 12:00:00,United States,PRO,2026-01-14
10112,2026-01-03 12:00:00,United States,PRO,2026-01-03
10090,2026-01-14 12:00:00,United States,PRO,2026-01-14
10201,2026-01-05 12:00:00,United States,ENTERPRISE,2026-01-05
10022,2026-01-11 12:00:00,México,PRO,2026-01-11
10035,2026-01-11 12:00:00,Canada,PRO,2026-01-11
10131,2026-01-04 12:00:00,Brasil,FREE,2026-01-04
10194,2026-01-17 12:00:00,México,PRO,2026-01-17
10023,2026-01-14 12:00:00,España,PRO,2026-01-14
10164,2026-01-06 12:00:00,México,FREE,2026-01-06
10089,2026-01-15 12:00:00,Canada,ENTERPRISE,2026-01-15
10004,2026-01-14 12:00:00,Brasil,PRO,2026-01-14
10153,2026-01-08 12:00:00,Canada,ENTERPRISE,2026-01-08
10022,2026-01-16 12:00:00,España,PRO,2026-01-16
10023,2026-01-02 12:00:00,United States,FREE,2026-01-02
10035,2026-01-04 12:00:00,Canada,FREE,2026-01-04
10095,2026-01-01 12:00:00,España,FREE,2026-01-01
10066,2026-01-03 12:00:00,Brasil,ENTERPRISE,2026-01-03
10143,2026-01-10 12:00:00,España,FREE,2026-01-10
10190,2026-01-05 12:00:00,México,PRO,2026-01-05
10095,2026-01-15 12:00:00,Canada,ENTERPRISE,2026-01-15
10137,2026-01-10 12:00:00,Brasil,FREE,2026-01-10
10126,2026-01-06 12:00:00,Brasil,PRO,2026-01-06
10012,2026-01-10 12:00:00,Canada,ENTERPRISE,2026-01-10
10089,2026-01-07 12:00:00,México,PRO,2026-01-07
10035,2026-01-18 12:00:00,México,FREE,2026-01-18
10214,2026-01-10 12:00:00,Canada,PRO,2026-01-10
10179,2026-01-04 12:00:00,Canada,PRO,2026-01-04
10188,2026-01-09 12:00:00,México,FREE,2026-01-09
10127,2026-01-07 12:00:00,Brasil,FREE,2026-01-07
10045,2026-01-14 12:00:00,España,FREE,2026-01-14
10023,2026-01-06 12:00:00,España,PRO,2026-01-06
10054,2026-01-02 12:00:00,Brasil,FREE,2026-01-02
10065,2026-01-05 12:00:00,España,PRO,2026-01-05
10063,2026-01-05 12:00:00,Canada,FREE,2026-01-05
10214,2026-01-09 12:00:00,Brasil,FREE,2026-01-09
10073,2026-01-11 12:00:00,Brasil,PRO,2026-01-11
10206,2026-01-06 12:00:00,Canada,PRO,2026-01-06
10067,2026-01-11 12:00:00,México,PRO,2026-01-11
10200,2026-01-04 12:00:00,España,ENTERPRISE,2026-01-04
10217,2026-01-13 12:00:00,Brasil,PRO,2026-01-13
10006,2026-01-07 12:00:00,México,PRO,2026-01-07
10158,2026-01-11 12:00:00,Canada,ENTERPRISE,2026-01-11
10100,2026-01-05 12:00:00,United States,PRO,2026-01-05
10090,2026-01-11 12:00:00,Brasil,PRO,2026-01-11
10053,2026-01-13 12:00:00,México,PRO,2026-01-13
10075,2026-01-13 12:00:00,España,PRO,2026-01-13
10026,2026-01-08 12:00:00,España,FREE,2026-01-08
10160,2026-01-04 12:00:00,United States,PRO,2026-01-04
10075,2026-01-02 12:00:00,Canada,PRO,2026-01-02
10052,2026-01-09 12:00:00,Canada,FREE,2026-01-09
10160,2026-01-01 12:00:00,Canada,PRO,2026-01-01
10205,2026-01-12 12:00:00,México,ENTERPRISE,2026-01-12
10091,2026-01-02 12:00:00,México,PRO,2026-01-02
10163,2026-01-02 12:00:00,México,PRO,2026-01-02
10129,2026-01-04 12:00:00,México,ENTERPRISE,2026-01-04
10173,2026-01-01 12:00:00,Brasil,FREE,2026-01-01
10203,2026-01-12 12:00:00,Brasil,ENTERPRISE,2026-01-12
10040,2026-01-02 12:00:00,Canada,FREE,2026-01-02
10113,2026-01-09 12:00:00,United States,PRO,2026-01-09
10168,2026-01-17 12:00:00,México,PRO,2026-01-17
10009,2026-01-06 12:00:00,United States,PRO,2026-01-06
10124,2026-01-11 12:00:00,Brasil,PRO,2026-01-11
10181,2026-01-16 12:00:00,España,PRO,2026-01-16
10012,2026-01-16 12:00:00,United States,FREE,2026-01-16
10016,2026-01-18 12:00:00,United States,FREE,2026-01-18
10022,2026-01-03 12:00:00,Canada,PRO,2026-01-03
10171,2026-01-08 12:00:00,United States,PRO,2026-01-08
10061,2026-01-07 12:00:00,Brasil,PRO,2026-01-07
10205,2026-01-08 12:00:00,United States,PRO,2026-01-08
10025,2026-01-12 12:00:00,Canada,FREE,2026-01-12
10133,2026-01-02 12:00:00,México,PRO,2026-01-02
10051,2026-01-02 12:00:00,México,ENTERPRISE,2026-01-02
10124,2026-01-16 12:00:00,México,PRO,2026-01-16
10046,2026-01-05 12:00:00,Brasil,FREE,2026-01-05
10072,2026-01-16 12:00:00,Canada,PRO,2026-01-16
10004,2026-01-16 12:00:00,Canada,PRO,2026-01-16
10089,2026-01-04 12:00:00,Brasil,PRO,2026-01-04
10192,2026-01-06 12:00:00,Brasil,FREE,2026-01-06
10208,2026-01-02 12:00:00,España,PRO,2026-01-02
10068,2026-01-04 12:00:00,Canada,PRO,2026-01-04
10168,2026-01-03 12:00:00,Canada,ENTERPRISE,2026-01-03
10054,2026-01-09 12:00:00,Brasil,PRO,2026-01-09
10090,2026-01-08 12:00:00,España,FREE,2026-01-08
10161,2026-01-18 12:00:00,México,ENTERPRISE,2026-01-18
10114,2026-01-02 12:00:00,Brasil,FREE,2026-01-02
10039,2026-01-06 12:00:00,United States,PRO,2026-01-06
10166,2026-01-02 12:00:00,México,PRO,2026-01-02
10079,2026-01-11 12:00:00,Canada,PRO,2026-01-11
10025,2026-01-05 12:00:00,España,FREE,2026-01-05
10144,2026-01-13 12:00:00,México,FREE,2026-01-13
10136,2026-01-14 12:00:00,España,FREE,2026-01-14
10142,2026-01-06 12:00:00,México,FREE,2026-01-06
10062,2026-01-03 12:00:00,Canada,PRO,2026-01-03
10163,2026-01-13 12:00:00,España,PRO,2026-01-13
10052,2026-01-03 12:00:00,Canada,ENTERPRISE,2026-01-03
10123,2026-01-14 12:00:00,Brasil,FREE,2026-01-14
10162,2026-01-04 12:00:00,España,FREE,2026-01-04
10108,2026-01-13 12:00:00,México,PRO,2026-01-13
10025,2026-01-12 12:00:00,México,FREE,2026-01-12
10077,2026-01-02 12:00:00,España,ENTERPRISE,2026-01-02
10206,2026-01-12 12:00:00,España,FREE,2026-01-12
10192,2026-01-15 12:00:00,México,FREE,2026-01-15
10166,2026-01-05 12:00:00,México,PRO,2026-01-05
10002,2026-01-12 12:00:00,España,ENTERPRISE,2026-01-12
10163,2026-01-17 12:00:00,Brasil,PRO,2026-01-17
10077,2026-01-12 12:00:00,España,ENTERPRISE,2026-01-12
10156,2026-01-09 12:00:00,Brasil,PRO,2026-01-09
10065,2026-01-08 12:00:00,United States,FREE,2026-01-08
10043,2026-01-09 12:00:00,Brasil,FREE,2026-01-09
10037,2026-01-10 12:00:00,España,PRO,2026-01-10
10081,2026-01-10 12:00:00,United States,PRO,2026-01-10
10036,2026-01-15 12:00:00,España,PRO,2026-01-15
10052,2026-01-12 12:00:00,México,PRO,2026-01-12
10113,2026-01-10 12:00:00,United States,FREE,2026-01-10
10019,2026-01-01 12:00:00,México,FREE,2026-01-01
10019,2026-01-09 12:00:00,Canada,PRO,2026-01-09
10128,2026-01-06 12:00:00,España,ENTERPRISE,2026-01-06
10073,2026-01-18 12:00:00,United States,PRO,2026-01-18
10001,2026-01-11 12:00:00,España,FREE,2026-01-11
10060,2026-01-06 12:00:00,United States,FREE,2026-01-06
10113,2026-01-11 12:00:00,Canada,FREE,2026-01-11
10032,2026-01-03 12:00:00,United States,PRO,2026-01-03
10005,2026-01-12 12:00:00,Brasil,PRO,2026-01-12
10158,2026-01-16 12:00:00,United States,PRO,2026-01-16
10018,2026-01-09 12:00:00,United States,PRO,2026-01-09
10159,2026-01-15 12:00:00,United States,PRO,2026-01-15
10030,2026-01-17 12:00:00,Canada,FREE,2026-01-17
10214,2026-01-12 12:00:00,México,ENTERPRISE,2026-01-12
10043,2026-01-04 12:00:00,Canada,FREE,2026-01-04
10007,2026-01-11 12:00:00,United States,ENTERPRISE,2026-01-11
10201,2026-01-11 12:00:00,United States,PRO,2026-01-11
10158,2026-01-07 12:00:00,España,PRO,2026-01-07
10210,2026-01-09 12:00:00,Brasil,PRO,2026-01-09
10168,2026-01-05 12:00:00,México,PRO,2026-01-05
10085,2026-01-06 12:00:00,United States,FREE,2026-01-06
10013,2026-01-03 12:00:00,United States,FREE,2026-01-03
10073,2026-01-07 12:00:00,United States,PRO,2026-01-07
10127,2026-01-11 12:00:00,España,ENTERPRISE,2026-01-11
10209,2026-01-09 12:00:00,Brasil,FREE,2026-01-09
10156,2026-01-15 12:00:00,España,ENTERPRISE,2026-01-15
10141,2026-01-14 12:00:00,España,PRO,2026-01-14
10105,2026-01-03 12:00:00,España,PRO,2026-01-03
10158,2026-01-05 12:00:00,España,PRO,2026-01-05
10073,2026-01-03 12:00:00,México,PRO,2026-01-03
10038,2026-01-12 12:00:00,Brasil,ENTERPRISE,2026-01-12
10097,2026-01-16 12:00:00,United States,ENTERPRISE,2026-01-16
10194,2026-01-13 12:00:00,México,ENTERPRISE,2026-01-13
10001,2026-01-14 12:00:00,Canada,ENTERPRISE,2026-01-14
10083,2026-01-10 12:00:00,España,FREE,2026-01-10
10028,2026-01-14 12:00:00,Canada,ENTERPRISE,2026-01-14
10148,2026-01-18 12:00:00,United States,PRO,2026-01-18
10189,2026-01-01 12:00:00,México,FREE,2026-01-01
10194,2026-01-17 12:00:00,Canada,FREE,2026-01-17
10103,2026-01-14 12:00:00,Brasil,FREE,2026-01-14
10014,2026-01-15 12:00:00,Brasil,ENTERPRISE,2026-01-15
10218,2026-01-04 12:00:00,United States,PRO,2026-01-04
10103,2026-01-11 12:00:00,Canada,FREE,2026-01-11
10102,2026-01-01 12:00:00,United States,FREE,2026-01-01
10042,2026-01-14 12:00:00,España,FREE,2026-01-14
10117,2026-01-11 12:00:00,United States,ENTERPRISE,2026-01-11
10098,2026-01-18 12:00:00,España,FREE,2026-01-18
10072,2026-01-04 12:00:00,Canada,FREE,2026-01-04
10140,2026-01-07 12:00:00,México,FREE,2026-01-07
10094,2026-01-05 12:00:00,Brasil,FREE,2026-01-05
10107,2026-01-14 12:00:00,Canada,PRO,2026-01-14
10183,2026-01-05 12:00:00,Brasil,ENTERPRISE,2026-01-05
10185,2026-01-05 12:00:00,United States,PRO,2026-01-05
10061,2026-01-14 12:00:00,Canada,PRO,2026-01-14
10154,2026-01-11 12:00:00,México,PRO,2026-01-11
10105,2026-01-04 12:00:00,United States,FREE,2026-01-04
10115,2026-01-03 12:00:00,Brasil,PRO,2026-01-03
10084,2026-01-02 12:00:00,España,ENTERPRISE,2026-01-02
10187,2026-01-02 12:00:00,México,PRO,2026-01-02
10112,2026-01-17 12:00:00,Canada,ENTERPRISE,2026-01-17
10107,2026-01-13 12:00:00,Canada,PRO,2026-01-13
10047,2026-01-12 12:00:00,México,PRO,2026-01-12
10006,2026-01-16 12:00:00,México,FREE,2026-01-16
10183,2026-01-09 12:00:00,México,PRO,2026-01-09
10045,2026-01-16 12:00:00,United States,PRO,2026-01-16
10154,2026-01-17 12:00:00,Brasil,PRO,2026-01-17
10157,2026-01-10 12:00:00,España,FREE,2026-01-10
10037,2026-01-18 12:00:00,México,PRO,2026-01-18
10171,2026-01-10 12:00:00,España,PRO,2026-01-10
10077,2026-01-03 12:00:00,México,FREE,2026-01-03
10139,2026-01-05 12:00:00,Canada,FREE,2026-01-05
10089,2026-01-18 12:00:00,United States,FREE,2026-01-18
10132,2026-01-07 12:00:00,España,FREE,2026-01-07
10047,2026-01-05 12:00:00,Brasil,FREE,2026-01-05
10111,2026-01-04 12:00:00,México,FREE,2026-01-04
10078,2026-01-12 12:00:00,Brasil,FREE,2026-01-12
10102,2026-01-12 12:00:00,Canada,FREE,2026-01-12
10096,2026-01-02 12:00:00,España,PRO,2026-01-02
10009,2026-01-12 12:00:00,España,FREE,2026-01-12
10134,2026-01-02 12:00:00,United States,PRO,2026-01-02
10120,2026-01-17 12:00:00,United States,FREE,2026-01-17
10131,2026-01-17 12:00:00,Canada,ENTERPRISE,2026-01-17
10217,2026-01-03 12:00:00,España,FREE,2026-01-03
10190,2026-01-10 12:00:00,United States,FREE,2026-01-10
10199,2026-01-02 12:00:00,Brasil,PRO,2026-01-02
10206,2026-01-04 12:00:00,España,PRO,2026-01-04
10037,2026-01-12 12:00:00,México,FREE,2026-01-12
10082,2026-01-07 12:00:00,Canada,PRO,2026-01-07
10110,2026-01-08 12:00:00,Canada,PRO,2026-01-08
10088,2026-01-11 12:00:00,México,FREE,2026-01-11
10116,2026-01-04 12:00:00,México,FREE,2026-01-04
10177,2026-01-10 12:00:00,United States,FREE,2026-01-10
10156,2026-01-10 12:00:00,España,FREE,2026-01-10
10020,2026-01-16 12:00:00,España,FREE,2026-01-16
10167,2026-01-09 12:00:00,España,PRO,2026-01-09
10013,2026-01-05 12:00:00,Brasil,PRO,2026-01-05
10142,2026-01-15 12:00:00,Canada,FREE,2026-01-15
10032,2026-01-13 12:00:00,España,PRO,2026-01-13
10124,2026-01-01 12:00:00,Brasil,PRO,2026-01-01
10127,2026-01-07 12:00:00,United States,FREE,2026-01-07
10136,2026-01-04 12:00:00,México,PRO,2026-01-04
10051,2026-01-14 12:00:00,Brasil,FREE,2026-01-14
10202,2026-01-13 12:00:00,United States,ENTERPRISE,2026-01-13
10146,2026-01-06 12:00:00,España,PRO,2026-01-06
10201,2026-01-16 12:00:00,United States,ENTERPRISE,2026-01-16
10168,2026-01-04 12:00:00,España,PRO,2026-01-04
10076,2026-01-03 12:00:00,United States,FREE,2026-01-03
10096,2026-01-16 12:00:00,Brasil,PRO,2026-01-16
10147,2026-01-14 12:00:00,Canada,PRO,2026-01-14
10003,2026-01-10 12:00:00,México,FREE,2026-01-10
10204,2026-01-03 12:00:00,México,FREE,2026-01-03
10128,2026-01-02 12:00:00,United States,FREE,2026-01-02
10109,2026-01-13 12:00:00,Brasil,FREE,2026-01-13
10172,2026-01-03 12:00:00,Brasil,PRO,2026-01-03
10184,2026-01-08 12:00:00,España,PRO,2026-01-08
10067,2026-01-17 12:00:00,Brasil,FREE,2026-01-17
10022,2026-01-18 12:00:00,Brasil,FREE,2026-01-18
10137,2026-01-12 12:00:00,México,FREE,2026-01-12
10193,2026-01-05 12:00:00,Canada,PRO,2026-01-05
10057,2026-01-07 12:00:00,España,FREE,2026-01-07
10022,2026-01-16 12:00:00,Brasil,FREE,2026-01-16
10116,2026-01-01 12:00:00,Brasil,FREE,2026-01-01
10218,2026-01-08 12:00:00,Canada,PRO,2026-01-08
10001,2026-01-10 12:00:00,Brasil,PRO,2026-01-10
10181,2026-01-07 12:00:00,Brasil,PRO,2026-01-07
10176,2026-01-01 12:00:00,Brasil,PRO,2026-01-01
10140,2026-01-03 12:00:00,México,PRO,2026-01-03
10191,2026-01-09 12:00:00,México,PRO,2026-01-09
10213,2026-01-14 12:00:00,España,PRO,2026-01-14
10197,2026-01-03 12:00:00,Canada,PRO,2026-01-03
10138,2026-01-06 12:00:00,México,FREE,2026-01-06
10127,2026-01-05 12:00:00,España,PRO,2026-01-05
10125,2026-01-01 12:00:00,United States,FREE,2026-01-01
10078,2026-01-04 12:00:00,España,FREE,2026-01-04
10013,2026-01-18 12:00:00,España,FREE,2026-01-18
10063,2026-01-15 12:00:00,Brasil,ENTERPRISE,2026-01-15
10045,2026-01-13 12:00:00,México,PRO,2026-01-13
10133,2026-01-13 12:00:00,United States,PRO,2026-01-13
10123,2026-01-05 12:00:00,United States,ENTERPRISE,2026-01-05
10178,2026-01-16 12:00:00,Canada,FREE,2026-01-16
10052,2026-01-17 12:00:00,United States,FREE,2026-01-17
10165,2026-01-09 12:00:00,Brasil,FREE,2026-01-09
10030,2026-01-02 12:00:00,España,PRO,2026-01-02
10085,2026-01-10 12:00:00,México,FREE,2026-01-10
10071,2026-01-16 12:00:00,España,PRO,2026-01-16
10049,2026-01-04 12:00:00,United States,PRO,2026-01-04
10134,2026-01-13 12:00:00,Brasil,PRO,2026-01-13
10002,2026-01-02 12:00:00,Brasil,PRO,2026-01-02
10188,2026-01-07 12:00:00,España,ENTERPRISE,2026-01-07
10185,2026-01-08 12:00:00,Brasil,FREE,2026-01-08
10190,2026-01-07 12:00:00,Brasil,PRO,2026-01-07
10058,2026-01-09 12:00:00,United States,FREE,2026-01-09
10036,2026-01-14 12:00:00,Brasil,PRO,2026-01-14
10196,2026-01-13 12:00:00,México,FREE,2026-01-13
10074,2026-01-08 12:00:00,España,PRO,2026-01-08
10003,2026-01-04 12:00:00,España,PRO,2026-01-04
10059,2026-01-09 12:00:00,United States,PRO,2026-01-09
10166,2026-01-16 12:00:00,Brasil,PRO,2026-01-16
10100,2026-01-10 12:00:00,España,PRO,2026-01-10
10198,2026-01-01 12:00:00,Brasil,FREE,2026-01-01
10187,2026-01-07 12:00:00,United States,PRO,2026-01-07
10171,2026-01-15 12:00:00,España,ENTERPRISE,2026-01-15
10043,2026-01-04 12:00:00,United States,FREE,2026-01-04
10004,2026-01-01 12:00:00,España,PRO,2026-01-01
10110,2026-01-16 12:00:00,México,FREE,2026-01-16
10108,2026-01-10 12:00:00,México,FREE,2026-01-10
10204,2026-01-17 12:00:00,United States,FREE,2026-01-17
10158,2026-01-10 12:00:00,Brasil,FREE,2026-01-10
10168,2026-01-02 12:00:00,México,PRO,2026-01-02
10111,2026-01-17 12:00:00,United States,ENTERPRISE,2026-01-17
10212,2026-01-15 12:00:00,United States,FREE,2026-01-15
10211,2026-01-04 12:00:00,México,FREE,2026-01-04
10013,2026-01-18 12:00:00,Brasil,ENTERPRISE,2026-01-18
10035,2026-01-11 12:00:00,México,FREE,2026-01-11
10009,2026-01-17 12:00:00,España,FREE,2026-01-17
10059,2026-01-01 12:00:00,México,FREE,2026-01-01
10051,2026-01-13 12:00:00,Canada,ENTERPRISE,2026-01-13
10203,2026-01-02 12:00:00,United States,ENTERPRISE,2026-01-02
10037,2026-01-08 12:00:00,Brasil,PRO,2026-01-08
10116,2026-01-17 12:00:00,México,FREE,2026-01-17
10187,2026-01-17 12:00:00,México,FREE,2026-01-17
10127,2026-01-09 12:00:00,España,ENTERPRISE,2026-01-09
10067,2026-01-01 12:00:00,Canada,PRO,2026-01-01
10206,2026-01-11 12:00:00,España,PRO,2026-01-11
10042,2026-01-12 12:00:00,México,FREE,2026-01-12
10069,2026-01-05 12:00:00,México,PRO,2026-01-05
10095,2026-01-13 12:00:00,United States,PRO,2026-01-13
10061,2026-01-05 12:00:00,México,PRO,2026-01-05
10131,2026-01-09 12:00:00,México,PRO,2026-01-09
10115,2026-01-14 12:00:00,España,FREE,2026-01-14
10101,2026-01-16 12:00:00,España,PRO,2026-01-16
10087,2026-01-09 12:00:00,España,ENTERPRISE,2026-01-09
10138,2026-01-14 12:00:00,Brasil,FREE,2026-01-14
10139,2026-01-02 12:00:00,Canada,PRO,2026-01-02
10053,2026-01-18 12:00:00,Canada,PRO,2026-01-18
10218,2026-01-13 12:00:00,Canada,FREE,2026-01-13
10172,2026-01-03 12:00:00,Brasil,FREE,2026-01-03
10056,2026-01-02 12:00:00,España,PRO,2026-01-02
10032,2026-01-18 12:00:00,Canada,PRO,2026-01-18
10071,2026-01-07 12:00:00,España,PRO,2026-01-07
10140,2026-01-18 12:00:00,Brasil,FREE,2026-01-18
10001,2026-01-13 12:00:00,Brasil,PRO,2026-01-13
10216,2026-01-06 12:00:00,Canada,ENTERPRISE,2026-01-06
10082,2026-01-07 12:00:00,España,PRO,2026-01-07
10208,2026-01-02 12:00:00,México,PRO,2026-01-02
10156,2026-01-11 12:00:00,United States,FREE,2026-01-11
10041,2026-01-08 12:00:00,United States,PRO,2026-01-08
10084,2026-01-12 12:00:00,United States,FREE,2026-01-12
10085,2026-01-02 12:00:00,México,FREE,2026-01-02
10212,2026-01-18 12:00:00,Canada,PRO,2026-01-18
10219,2026-01-12 12:00:00,México,FREE,2026-01-12
10006,2026-01-18 12:00:00,México,PRO,2026-01-18
10106,2026-01-16 12:00:00,México,FREE,2026-01-16
10072,2026-01-04 12:00:00,Canada,PRO,2026-01-04
10117,2026-01-17 12:00:00,Canada,PRO,2026-01-17
10201,2026-01-17 12:00:00,United States,FREE,2026-01-17
10150,2026-01-14 12:00:00,Canada,PRO,2026-01-14
10146,2026-01-18 12:00:00,Canada,PRO,2026-01-18
10123,2026-01-04 12:00:00,United States,FREE,2026-01-04
10007,2026-01-02 12:00:00,United States,PRO,2026-01-02
10132,2026-01-13 12:00:00,México,PRO,2026-01-13
10174,2026-01-08 12:00:00,United States,PRO,2026-01-08
10009,2026-01-06 12:00:00,México,FREE,2026-01-06
10139,2026-01-06 12:00:00,Canada,FREE,2026-01-06
10176,2026-01-12 12:00:00,Brasil,PRO,2026-01-12
10200,2026-01-13 12:00:00,México,PRO,2026-01-13
10015,2026-01-03 12:00:00,Brasil,PRO,2026-01-03
10120,2026-01-05 12:00:00,United States,ENTERPRISE,2026-01-05
10107,2026-01-07 12:00:00,España,FREE,2026-01-07
10108,2026-01-14 12:00:00,United States,PRO,2026-01-14
10211,2026-01-12 12:00:00,Canada,PRO,2026-01-12
10187,2026-01-08 12:00:00,Canada,FREE,2026-01-08
10125,2026-01-06 12:00:00,Canada,PRO,2026-01-06
10175,2026-01-16 12:00:00,United States,ENTERPRISE,2026-01-16
10204,2026-01-16 12:00:00,España,PRO,2026-01-16
10108,2026-01-01 12:00:00,Canada,ENTERPRISE,2026-01-01
10067,2026-01-14 12:00:00,México,FREE,2026-01-14
10064,2026-01-03 12:00:00,United States,FREE,2026-01-03
10060,2026-01-09 12:00:00,Brasil,PRO,2026-01-09
10052,2026-01-12 12:00:00,Canada,ENTERPRISE,2026-01-12
10014,2026-01-06 12:00:00,México,FREE,2026-01-06
10175,2026-01-14 12:00:00,España,PRO,2026-01-14
10062,2026-01-18 12:00:00,United States,FREE,2026-01-18
10094,2026-01-18 12:00:00,México,PRO,2026-01-18
10095,2026-01-05 12:00:00,México,FREE,2026-01-05
10007,2026-01-06 12:00:00,Brasil,PRO,2026-01-06
10172,2026-01-14 12:00:00,United States,PRO,2026-01-14
10146,2026-01-01 12:00:00,México,FREE,2026-01-01
10116,2026-01-09 12:00:00,Canada,FREE,2026-01-09
10026,2026-01-13 12:00:00,España,FREE,2026-01-13
10175,2026-01-07 12:00:00,Brasil,FREE,2026-01-07
10018,2026-01-04 12:00:00,Canada,PRO,2026-01-04
10188,2026-01-11 12:00:00,Brasil,PRO,2026-01-11
10153,2026-01-14 12:00:00,Brasil,PRO,2026-01-14
10128,2026-01-02 12:00:00,United States,PRO,2026-01-02
10212,2026-01-12 12:00:00,Brasil,PRO,2026-01-12
10172,2026-01-11 12:00:00,Canada,PRO,2026-01-11
10151,2026-01-10 12:00:00,Brasil,PRO,2026-01-10
10092,2026-01-16 12:00:00,México,FREE,2026-01-16
10165,2026-01-11 12:00:00,Canada,FREE,2026-01-11
10178,2026-01-01 12:00:00,United States,FREE,2026-01-01
10018,2026-01-18 12:00:00,Canada,PRO,2026-01-18
10158,2026-01-12 12:00:00,México,FREE,2026-01-12
10193,2026-01-07 12:00:00,United States,PRO,2026-01-07
10190,2026-01-15 12:00:00,Brasil,PRO,2026-01-15
10005,2026-01-06 12:00:00,España,FREE,2026-01-06
10170,2026-01-08 12:00:00,México,FREE,2026-01-08
10013,2026-01-17 12:00:00,United States,PRO,2026-01-17
10106,2026-01-16 12:00:00,España,ENTERPRISE,2026-01-16
10102,2026-01-05 12:00:00,México,FREE,2026-01-05
10095,2026-01-02 12:00:00,United States,FREE,2026-01-02
10094,2026-01-14 12:00:00,España,PRO,2026-01-14
10118,2026-01-07 12:00:00,México,ENTERPRISE,2026-01-07
10105,2026-01-17 12:00:00,Canada,PRO,2026-01-17
10097,2026-01-12 12:00:00,Canada,ENTERPRISE,2026-01-12
10165,2026-01-16 12:00:00,United States,FREE,2026-01-16
10148,2026-01-02 12:00:00,Canada,FREE,2026-01-02
10207,2026-01-16 12:00:00,México,ENTERPRISE,2026-01-16
10195,2026-01-01 12:00:00,Canada,FREE,2026-01-01
10200,2026-01-08 12:00:00,United States,FREE,2026-01-08
10072,2026-01-14 12:00:00,Brasil,PRO,2026-01-14
10021,2026-01-08 12:00:00,España,FREE,2026-01-08
10066,2026-01-13 12:00:00,México,FREE,2026-01-13
10031,2026-01-01 12:00:00,United States,ENTERPRISE,2026-01-01
10002,2026-01-16 12:00:00,Canada,FREE,2026-01-16
10127,2026-01-16 12:00:00,Canada,PRO,2026-01-16
10158,2026-01-16 12:00:00,United States,FREE,2026-01-16
10217,2026-01-02 12:00:00,España,PRO,2026-01-02
10035,2026-01-03 12:00:00,España,FREE,2026-01-03
10073,2026-01-01 12:00:00,Canada,ENTERPRISE,2026-01-01
10053,2026-01-07 12:00:00,España,PRO,2026-01-07
10192,2026-01-09 12:00:00,México,PRO,2026-01-09
10125,2026-01-14 12:00:00,Brasil,FREE,2026-01-14
10015,2026-01-09 12:00:00,Brasil,FREE,2026-01-09
10151,2026-01-18 12:00:00,Brasil,ENTERPRISE,2026-01-18
10106,2026-01-04 12:00:00,España,FREE,2026-01-04
10191,2026-01-02 12:00:00,España,ENTERPRISE,2026-01-02
10031,2026-01-05 12:00:00,Brasil,PRO,2026-01-05
10148,2026-01-15 12:00:00,España,ENTERPRISE,2026-01-15
10079,2026-01-02 12:00:00,Brasil,FREE,2026-01-02
10007,2026-01-09 12:00:00,Canada,PRO,2026-01-09
10087,2026-01-02 12:00:00,España,ENTERPRISE,2026-01-02
10044,2026-01-07 12:00:00,México,PRO,2026-01-07
10180,2026-01-15 12:00:00,España,PRO,2026-01-15
10129,2026-01-12 12:00:00,España,FREE,2026-01-12
10040,2026-01-13 12:00:00,México,PRO,2026-01-13
10124,2026-01-01 12:00:00,Canada,ENTERPRISE,2026-01-01
10162,2026-01-02 12:00:00,España,PRO,2026-01-02
10015,2026-01-13 12:00:00,United States,PRO,2026-01-13
10208,2026-01-14 12:00:00,United States,FREE,2026-01-14
10216,2026-01-04 12:00:00,Brasil,PRO,2026-01-04
10213,2026-01-01 12:00:00,España,PRO,2026-01-01
10192,2026-01-09 12:00:00,Canada,PRO,2026-01-09
10108,2026-01-07 12:00:00,España,FREE,2026-01-07
10123,2026-01-16 12:00:00,México,PRO,2026-01-16
10150,2026-01-10 12:00:00,México,FREE,2026-01-10
10121,2026-01-08 12:00:00,United States,ENTERPRISE,2026-01-08
10152,2026-01-01 12:00:00,Canada,PRO,2026-01-01
10149,2026-01-02 12:00:00,México,FREE,2026-01-02
10004,2026-01-13 12:00:00,España,PRO,2026-01-13
10039,2026-01-04 12:00:00,United States,PRO,2026-01-04
10021,2026-01-07 12:00:00,España,PRO,2026-01-07
10002,2026-01-05 12:00:00,España,FREE,2026-01-05
10213,2026-01-13 12:00:00,España,PRO,2026-01-13
10185,2026-01-07 12:00:00,Brasil,FREE,2026-01-07
10045,2026-01-12 12:00:00,United States,ENTERPRISE,2026-01-12
10017,2026-01-03 12:00:00,Canada,FREE,2026-01-03
10208,2026-01-06 12:00:00,España,FREE,2026-01-06
10133,2026-01-11 12:00:00,Canada,FREE,2026-01-11
10135,2026-01-17 12:00:00,Brasil,PRO,2026-01-17
10209,2026-01-09 12:00:00,United States,PRO,2026-01-09
10142,2026-01-02 12:00:00,United States,PRO,2026-01-02
10157,2026-01-08 12:00:00,United States,FREE,2026-01-08
10163,2026-01-04 12:00:00,México,PRO,2026-01-04
10130,2026-01-12 12:00:00,Canada,PRO,2026-01-12
10158,2026-01-07 12:00:00,España,FREE,2026-01-07
10107,2026-01-15 12:00:00,México,ENTERPRISE,2026-01-15
10132,2026-01-12 12:00:00,Brasil,FREE,2026-01-12
10078,2026-01-07 12:00:00,Canada,PRO,2026-01-07
10193,2026-01-02 12:00:00,United States,ENTERPRISE,2026-01-02
10206,2026-01-12 12:00:00,United States,PRO,2026-01-12
10049,2026-01-07 12:00:00,United States,PRO,2026-01-07
10151,2026-01-04 12:00:00,Canada,PRO,2026-01-04
10023,2026-01-18 12:00:00,México,FREE,2026-01-18
10129,2026-01-14 12:00:00,Canada,FREE,2026-01-14
10061,2026-01-07 12:00:00,United States,PRO,2026-01-07
10062,2026-01-13 12:00:00,España,FREE,2026-01-13
10095,2026-01-01 12:00:00,Brasil,PRO,2026-01-01
10024,2026-01-05 12:00:00,Brasil,FREE,2026-01-05
10198,2026-01-04 12:00:00,España,PRO,2026-01-04
10026,2026-01-13 12:00:00,Brasil,FREE,2026-01-13
10146,2026-01-01 12:00:00,Brasil,PRO,2026-01-01
10088,2026-01-11 12:00:00,España,PRO,2026-01-11
10108,2026-01-13 12:00:00,United States,PRO,2026-01-13
10094,2026-01-09 12:00:00,Brasil,PRO,2026-01-09
10200,2026-01-15 12:00:00,Canada,ENTERPRISE,2026-01-15
10124,2026-01-17 12:00:00,Canada,PRO,2026-01-17
10002,2026-01-08 12:00:00,Canada,PRO,2026-01-08
10012,2026-01-13 12:00:00,México,PRO,2026-01-13
10028,2026-01-07 12:00:00,México,PRO,2026-01-07
10058,2026-01-10 12:00:00,México,FREE,2026-01-10
10082,2026-01-04 12:00:00,United States,PRO,2026-01-04
10117,2026-01-07 12:00:00,España,FREE,2026-01-07
10105,2026-01-13 12:00:00,Canada,FREE,2026-01-13
10087,2026-01-10 12:00:00,Brasil,FREE,2026-01-10
10078,2026-01-11 12:00:00,Canada,ENTERPRISE,2026-01-11
10008,2026-01-07 12:00:00,Canada,FREE,2026-01-07
10109,2026-01-10 12:00:00,México,FREE,2026-01-10
10096,2026-01-06 12:00:00,México,ENTERPRISE,2026-01-06
10104,2026-01-10 12:00:00,Canada,FREE,2026-01-10
10109,2026-01-03 12:00:00,United States,PRO,2026-01-03
10171,2026-01-10 12:00:00,España,FREE,2026-01-10
10007,2026-01-13 12:00:00,España,PRO,2026-01-13
10063,2026-01-15 12:00:00,Canada,ENTERPRISE,2026-01-15
10208,2026-01-02 12:00:00,España,FREE,2026-01-02
10032,2026-01-06 12:00:00,España,FREE,2026-01-06
10111,2026-01-06 12:00:00,United States,PRO,2026-01-06
10137,2026-01-12 12:00:00,España,PRO,2026-01-12
10094,2026-01-11 12:00:00,Canada,PRO,2026-01-11
10004,2026-01-14 12:00:00,United States,FREE,2026-01-14
10034,2026-01-08 12:00:00,México,FREE,2026-01-08
10027,2026-01-09 12:00:00,United States,FREE,2026-01-09
10155,2026-01-03 12:00:00,España,FREE,2026-01-03
10161,2026-01-04 12:00:00,México,FREE,2026-01-04
10116,2026-01-09 12:00:00,España,PRO,2026-01-09
10121,2026-01-03 12:00:00,United States,PRO,2026-01-03
10111,2026-01-08 12:00:00,United States,ENTERPRISE,2026-01-08
10007,2026-01-15 12:00:00,México,PRO,2026-01-15
10061,2026-01-04 12:00:00,España,PRO,2026-01-04
10120,2026-01-05 12:00:00,Canada,PRO,2026-01-05
10063,2026-01-01 12:00:00,España,PRO,2026-01-01
10095,2026-01-11 12:00:00,España,PRO,2026-01-11
10184,2026-01-17 12:00:00,United States,PRO,2026-01-17
10107,2026-01-17 12:00:00,Canada,PRO,2026-01-17
10036,2026-01-15 12:00:00,Canada,FREE,2026-01-15
10058,2026-01-15 12:00:00,Brasil,PRO,2026-01-15
10012,2026-01-04 12:00:00,España,ENTERPRISE,2026-01-04
10020,2026-01-17 12:00:00,Brasil,FREE,2026-01-17
10200,2026-01-13 12:00:00,España,ENTERPRISE,2026-01-13
10007,2026-01-10 12:00:00,United States,PRO,2026-01-10
10033,2026-01-12 12:00:00,Canada,PRO,2026-01-12
10099,2026-01-14 12:00:00,Canada,PRO,2026-01-14
10076,2026-01-15 12:00:00,España,FREE,2026-01-15
10090,2026-01-06 12:00:00,United States,FREE,2026-01-06
10048,2026-01-11 12:00:00,United States,FREE,2026-01-11
10120,2026-01-07 12:00:00,México,ENTERPRISE,2026-01-07
10074,2026-01-15 12:00:00,Brasil,PRO,2026-01-15
10041,2026-01-10 12:00:00,México,ENTERPRISE,2026-01-10
10024,2026-01-08 12:00:00,México,PRO,2026-01-08
10168,2026-01-02 12:00:00,España,FREE,2026-01-02
10102,2026-01-03 12:00:00,United States,FREE,2026-01-03
10173,2026-01-04 12:00:00,Canada,PRO,2026-01-04
10003,2026-01-02 12:00:00,España,FREE,2026-01-02
10092,2026-01-09 12:00:00,United States,PRO,2026-01-09
10167,2026-01-06 12:00:00,España,PRO,2026-01-06
10011,2026-01-04 12:00:00,Brasil,FREE,2026-01-04
10149,2026-01-15 12:00:00,United States,ENTERPRISE,2026-01-15
10216,2026-01-02 12:00:00,México,ENTERPRISE,2026-01-02
10059,2026-01-01 12:00:00,Brasil,PRO,2026-01-01
10101,2026-01-04 12:00:00,Brasil,FREE,2026-01-04
10135,2026-01-13 12:00:00,México,FREE,2026-01-13
10149,2026-01-04 12:00:00,México,PRO,2026-01-04
10153,2026-01-05 12:00:00,Brasil,FREE,2026-01-05
10027,2026-01-07 12:00:00,Canada,FREE,2026-01-07
10030,2026-01-09 12:00:00,México,FREE,2026-01-09
10186,2026-01-09 12:00:00,España,PRO,2026-01-09
10047,2026-01-03 12:00:00,España,PRO,2026-01-03
10035,2026-01-14 12:00:00,Canada,ENTERPRISE,2026-01-14
10144,2026-01-02 12:00:00,Brasil,FREE,2026-01-02
10002,2026-01-03 12:00:00,Canada,ENTERPRISE,2026-01-03
10022,2026-01-02 12:00:00,México,PRO,2026-01-02
10133,2026-01-18 12:00:00,España,PRO,2026-01-18
10145,2026-01-08 12:00:00,Brasil,FREE,2026-01-08
10214,2026-01-06 12:00:00,España,PRO,2026-01-06
10089,2026-01-08 12:00:00,España,ENTERPRISE,2026-01-08
10173,2026-01-10 12:00:00,United States,PRO,2026-01-10
10107,2026-01-18 12:00:00,España,FREE,2026-01-18
10108,2026-01-01 12:00:00,México,ENTERPRISE,2026-01-01
10008,2026-01-15 12:00:00,México,PRO,2026-01-15
10213,2026-01-03 12:00:00,United States,PRO,2026-01-03
10176,2026-01-02 12:00:00,United States,FREE,2026-01-02
10108,2026-01-18 12:00:00,Brasil,PRO,2026-01-18
10028,2026-01-18 12:00:00,Brasil,FREE,2026-01-18
10084,2026-01-15 12:00:00,United States,ENTERPRISE,2026-01-15
10167,2026-01-17 12:00:00,United States,PRO,2026-01-17
10109,2026-01-14 12:00:00,Brasil,FREE,2026-01-14
10073,2026-01-03 12:00:00,Brasil,ENTERPRISE,2026-01-03
10119,2026-01-05 12:00:00,México,FREE,2026-01-05
10206,2026-01-06 12:00:00,Brasil,FREE,2026-01-06
10078,2026-01-08 12:00:00,México,FREE,2026-01-08
10057,2026-01-05 12:00:00,España,PRO,2026-01-05
10173,2026-01-18 12:00:00,México,FREE,2026-01-18
10185,2026-01-17 12:00:00,Brasil,PRO,2026-01-17
10048,2026-01-01 12:00:00,España,FREE,2026-01-01
10069,2026-01-16 12:00:00,España,PRO,2026-01-16
10138,2026-01-03 12:00:00,Canada,FREE,2026-01-03
10133,2026-01-03 12:00:00,Canada,FREE,2026-01-03
10126,2026-01-07 12:00:00,Canada,FREE,2026-01-07
10217,2026-01-13 12:00:00,Canada,PRO,2026-01-13
10214,2026-01-08 12:00:00,United States,PRO,2026-01-08
10099,2026-01-09 12:00:00,Brasil,PRO,2026-01-09
10210,2026-01-10 12:00:00,Canada,FREE,2026-01-10
10008,2026-01-13 12:00:00,México,PRO,2026-01-13
10094,2026-01-05 12:00:00,United States,FREE,2026-01-05
10016,2026-01-08 12:00:00,Brasil,PRO,2026-01-08
10083,2026-01-04 12:00:00,Canada,FREE,2026-01-04
10089,2026-01-04 12:00:00,Canada,PRO,2026-01-04
10045,2026-01-08 12:00:00,United States,PRO,2026-01-08
10014,2026-01-18 12:00:00,Brasil,FREE,2026-01-18
10116,2026-01-02 12:00:00,España,FREE,2026-01-02
10107,2026-01-01 12:00:00,México,PRO,2026-01-01
10069,2026-01-05 12:00:00,Canada,PRO,2026-01-05
10125,2026-01-09 12:00:00,Canada,FREE,2026-01-09
10057,2026-01-16 12:00:00,United States,PRO,2026-01-16
10104,2026-01-18 12:00:00,México,PRO,2026-01-18
10049,2026-01-12 12:00:00,Canada,FREE,2026-01-12
10063,2026-01-15 12:00:00,México,FREE,2026-01-15
10020,2026-01-01 12:00:00,United States,FREE,2026-01-01
10084,2026-01-01 12:00:00,Brasil,PRO,2026-01-01
10167,2026-01-10 12:00:00,México,FREE,2026-01-10
10186,2026-01-05 12:00:00,México,PRO,2026-01-05
10124,2026-01-04 12:00:00,Canada,ENTERPRISE,2026-01-04
10181,2026-01-12 12:00:00,United States,PRO,2026-01-12
10186,2026-01-01 12:00:00,Canada,FREE,2026-01-01
10158,2026-01-04 12:00:00,Canada,ENTERPRISE,2026-01-04
10118,2026-01-05 12:00:00,United States,PRO,2026-01-05
10036,2026-01-06 12:00:00,Canada,FREE,2026-01-06
10054,2026-01-16 12:00:00,México,FREE,2026-01-16
10208,2026-01-02 12:00:00,United States,ENTERPRISE,2026-01-02
10178,2026-01-16 12:00:00,Brasil,FREE,2026-01-16
10014,2026-01-16 12:00:00,España,PRO,2026-01-16
10146,2026-01-05 12:00:00,España,PRO,2026-01-05
10054,2026-01-18 12:00:00,México,PRO,2026-01-18
10204,2026-01-06 12:00:00,México,PRO,2026-01-06
10109,2026-01-08 12:00:00,United States,ENTERPRISE,2026-01-08
10209,2026-01-06 12:00:00,España,FREE,2026-01-06
10132,2026-01-06 12:00:00,United States,FREE,2026-01-06
10091,2026-01-15 12:00:00,México,PRO,2026-01-15
10055,2026-01-10 12:00:00,España,FREE,2026-01-10
10167,2026-01-13 12:00:00,España,FREE,2026-01-13
10071,2026-01-16 12:00:00,United States,PRO,2026-01-16
10171,2026-01-18 12:00:00,United States,FREE,2026-01-18
10105,2026-01-08 12:00:00,Canada,FREE,2026-01-08
10159,2026-01-11 12:00:00,Canada,PRO,2026-01-11
10016,2026-01-03 12:00:00,Brasil,PRO,2026-01-03
10029,2026-01-04 12:00:00,Canada,ENTERPRISE,2026-01-04
10157,2026-01-14 12:00:00,México,ENTERPRISE,2026-01-14
10167,2026-01-16 12:00:00,United States,PRO,2026-01-16
10199,2026-01-05 12:00:00,Canada,PRO,2026-01-05
10086,2026-01-10 12:00:00,Canada,FREE,2026-01-10
10068,2026-01-03 12:00:00,Brasil,ENTERPRISE,2026-01-03
10012,2026-01-03 12:00:00,España,FREE,2026-01-03
10203,2026-01-05 12:00:00,Brasil,ENTERPRISE,2026-01-05
10119,2026-01-05 12:00:00,United States,PRO,2026-01-05
10219,2026-01-02 12:00:00,Brasil,PRO,2026-01-02
10117,2026-01-09 12:00:00,Brasil,FREE,2026-01-09
10194,2026-01-18 12:00:00,United States,PRO,2026-01-18
10050,2026-01-07 12:00:00,Brasil,FREE,2026-01-07
10207,2026-01-08 12:00:00,United States,PRO,2026-01-08
10210,2026-01-18 12:00:00,México,PRO,2026-01-18
10197,2026-01-06 12:00:00,United States,PRO,2026-01-06
10036,2026-01-04 12:00:00,United States,PRO,2026-01-04
10120,2026-01-12 12:00:00,España,FREE,2026-01-12
10215,2026-01-12 12:00:00,México,PRO,2026-01-12
10103,2026-01-15 12:00:00,México,FREE,2026-01-15
10100,2026-01-10 12:00:00,Canada,PRO,2026-01-10
10113,2026-01-10 12:00:00,United States,PRO,2026-01-10
10131,2026-01-01 12:00:00,México,PRO,2026-01-01
10088,2026-01-05 12:00:00,Canada,FREE,2026-01-05
10060,2026-01-09 12:00:00,España,PRO,2026-01-09
10081,2026-01-09 12:00:00,España,PRO,2026-01-09
10076,2026-01-05 12:00:00,United States,PRO,2026-01-05
10040,2026-01-05 12:00:00,México,FREE,2026-01-05
10168,2026-01-05 12:00:00,Brasil,PRO,2026-01-05
10152,2026-01-06 12:00:00,Canada,FREE,2026-01-06
10168,2026-01-11 12:00:00,España,PRO,2026-01-11
10033,2026-01-13 12:00:00,United States,FREE,2026-01-13
10101,2026-01-09 12:00:00,Brasil,FREE,2026-01-09
10029,2026-01-08 12:00:00,Canada,PRO,2026-01-08
10101,2026-01-06 12:00:00,United States,FREE,2026-01-06
10024,2026-01-05 12:00:00,España,FREE,2026-01-05
10215,2026-01-01 12:00:00,Brasil,PRO,2026-01-01
10053,2026-01-13 12:00:00,España,FREE,2026-01-13
10199,2026-01-04 12:00:00,Canada,PRO,2026-01-04
10169,2026-01-04 12:00:00,United States,PRO,2026-01-04
10037,2026-01-04 12:00:00,España,PRO,2026-01-04
10179,2026-01-11 12:00:00,Brasil,PRO,2026-01-11
10074,2026-01-03 12:00:00,United States,FREE,2026-01-03
10164,2026-01-15 12:00:00,Brasil,PRO,2026-01-15
10086,2026-01-15 12:00:00,México,ENTERPRISE,2026-01-15
10034,2026-01-02 12:00:00,Brasil,PRO,2026-01-02
10089,2026-01-07 12:00:00,Brasil,FREE,2026-01-07
10010,2026-01-11 12:00:00,México,PRO,2026-01-11
10064,2026-01-08 12:00:00,Canada,FREE,2026-01-08
10193,2026-01-03 12:00:00,United States,FREE,2026-01-03
10197,2026-01-14 12:00:00,Canada,PRO,2026-01-14
10163,2026-01-09 12:00:00,México,FREE,2026-01-09
10014,2026-01-01 12:00:00,México,PRO,2026-01-01
10132,2026-01-06 12:00:00,Brasil,PRO,2026-01-06
10063,2026-01-10 12:00:00,Brasil,PRO,2026-01-10
10085,2026-01-12 12:00:00,España,ENTERPRISE,2026-01-12
10070,2026-01-02 12:00:00,México,FREE,2026-01-02
10184,2026-01-08 12:00:00,United States,PRO,2026-01-08
10068,2026-01-09 12:00:00,México,FREE,2026-01-09
10168,2026-01-03 12:00:00,España,PRO,2026-01-03
10021,2026-01-06 12:00:00,United States,FREE,2026-01-06
10094,2026-01-08 12:00:00,México,ENTERPRISE,2026-01-08
10060,2026-01-09 12:00:00,Canada,PRO,2026-01-09
10141,2026-01-04 12:00:00,México,FREE,2026-01-04
10049,2026-01-14 12:00:00,United States,ENTERPRISE,2026-01-14
10040,2026-01-16 12:00:00,España,FREE,2026-01-16
10135,2026-01-02 12:00:00,México,PRO,2026-01-02
10125,2026-01-16 12:00:00,Brasil,PRO,2026-01-16
10057,2026-01-12 12:00:00,Canada,FREE,2026-01-12
10193,2026-01-13 12:00:00,Canada,PRO,2026-01-13
10185,2026-01-18 12:00:00,México,FREE,2026-01-18
10194,2026-01-02 12:00:00,México,PRO,2026-01-02
10138,2026-01-04 12:00:00,México,ENTERPRISE,2026-01-04
10056,2026-01-03 12:00:00,Brasil,PRO,2026-01-03
10115,2026-01-06 12:00:00,México,PRO,2026-01-06
10142,2026-01-06 12:00:00,México,PRO,2026-01-06
10176,2026-01-02 12:00:00,Canada,ENTERPRISE,2026-01-02
10154,2026-01-12 12:00:00,United States,PRO,2026-01-12
10211,2026-01-01 12:00:00,United States,PRO,2026-01-01
10118,2026-01-14 12:00:00,México,ENTERPRISE,2026-01-14
10059,2026-01-04 12:00:00,España,PRO,2026-01-04
10029,2026-01-10 12:00:00,España,PRO,2026-01-10
10096,2026-01-10 12:00:00,España,PRO,2026-01-10
10068,2026-01-16 12:00:00,México,FREE,2026-01-16
10107,2026-01-08 12:00:00,Canada,PRO,2026-01-08
10064,2026-01-12 12:00:00,Brasil,FREE,2026-01-12
10022,2026-01-10 12:00:00,Brasil,PRO,2026-01-10
10068,2026-01-07 12:00:00,United States,ENTERPRISE,2026-01-07
10099,2026-01-11 12:00:00,España,FREE,2026-01-11
10058,2026-01-15 12:00:00,United States,PRO,2026-01-15
10052,2026-01-17 12:00:00,United States,PRO,2026-01-17
10096,2026-01-04 12:00:00,España,PRO,2026-01-04
10120,2026-01-18 12:00:00,United States,FREE,2026-01-18
10093,2026-01-15 12:00:00,Brasil,PRO,2026-01-15
10096,2026-01-08 12:00:00,United States,PRO,2026-01-08
10200,2026-01-15 12:00:00,Canada,FREE,2026-01-15
10161,2026-01-14 12:00:00,Canada,PRO,2026-01-14
10019,2026-01-05 12:00:00,México,PRO,2026-01-05
10073,2026-01-05 12:00:00,United States,FREE,2026-01-05
10000,2026-01-10 12:00:00,United States,FREE,2026-01-10
10062,2026-01-05 12:00:00,México,FREE,2026-01-05
10185,2026-01-11 12:00:00,United States,PRO,2026-01-11
10105,2026-01-13 12:00:00,United States,PRO,2026-01-13
10034,2026-01-05 12:00:00,Brasil,FREE,2026-01-05
10169,2026-01-10 12:00:00,España,PRO,2026-01-10
10042,2026-01-09 12:00:00,United States,FREE,2026-01-09
10065,2026-01-02 12:00:00,United States,PRO,2026-01-02
10070,2026-01-05 12:00:00,España,PRO,2026-01-05
10154,2026-01-14 12:00:00,España,FREE,2026-01-14
10016,2026-01-02 12:00:00,España,FREE,2026-01-02
10059,2026-01-05 12:00:00,United States,FREE,2026-01-05
10023,2026-01-08 12:00:00,México,PRO,2026-01-08
10047,2026-01-05 12:00:00,España,FREE,2026-01-05
10179,2026-01-09 12:00:00,España,FREE,2026-01-09
10007,2026-01-16 12:00:00,United States,FREE,2026-01-16
10092,2026-01-12 12:00:00,United States,PRO,2026-01-12
10072,2026-01-07 12:00:00,Brasil,ENTERPRISE,2026-01-07
10121,2026-01-08 12:00:00,Canada,PRO,2026-01-08
10115,2026-01-17 12:00:00,United States,PRO,2026-01-17
10150,2026-01-18 12:00:00,Brasil,FREE,2026-01-18
10096,2026-01-06 12:00:00,Brasil,FREE,2026-01-06
10044,2026-01-14 12:00:00,España,PRO,2026-01-14
10109,2026-01-13 12:00:00,Brasil,PRO,2026-01-13
10031,2026-01-01 12:00:00,España,PRO,2026-01-01
10060,2026-01-14 12:00:00,Canada,ENTERPRISE,2026-01-14
10216,2026-01-02 12:00:00,United States,PRO,2026-01-02
10007,2026-01-15 12:00:00,México,ENTERPRISE,2026-01-15
10045,2026-01-08 12:00:00,España,FREE,2026-01-08
10155,2026-01-06 12:00:00,Canada,PRO,2026-01-06
10112,2026-01-01 12:00:00,España,PRO,2026-01-01
10183,2026-01-14 12:00:00,Brasil,FREE,2026-01-14
10048,2026-01-17 12:00:00,España,FREE,2026-01-17
10095,2026-01-02 12:00:00,México,PRO,2026-01-02
10087,2026-01-11 12:00:00,España,FREE,2026-01-11
10037,2026-01-09 12:00:00,Canada,FREE,2026-01-09
10068,2026-01-10 12:00:00,Brasil,PRO,2026-01-10
10163,2026-01-14 12:00:00,United States,PRO,2026-01-14
10182,2026-01-17 12:00:00,Brasil,PRO,2026-01-17
10129,2026-01-17 12:00:00,Brasil,FREE,2026-01-17
10218,2026-01-11 12:00:00,Brasil,PRO,2026-01-11
10134,2026-01-03 12:00:00,México,FREE,2026-01-03
10074,2026-01-03 12:00:00,Brasil,PRO,2026-01-03
10079,2026-01-04 12:00:00,United States,FREE,2026-01-04
10076,2026-01-06 12:00:00,España,PRO,2026-01-06
10149,2026-01-08 12:00:00,España,PRO,2026-01-08
10114,2026-01-10 12:00:00,United States,FREE,2026-01-10
10101,2026-01-15 12:00:00,United States,PRO,2026-01-15
10036,2026-01-04 12:00:00,México,FREE,2026-01-04
10089,2026-01-04 12:00:00,Canada,FREE,2026-01-04
10210,2026-01-13 12:00:00,Canada,PRO,2026-01-13
10165,2026-01-13 12:00:00,Brasil,PRO,2026-01-13
10070,2026-01-05 12:00:00,México,FREE,2026-01-05
10154,2026-01-06 12:00:00,United States,PRO,2026-01-06
10137,2026-01-13 12:00:00,Brasil,FREE,2026-01-13
10071,2026-01-17 12:00:00,United States,PRO,2026-01-17
10165,2026-01-15 12:00:00,México,PRO,2026-01-15
10013,2026-01-05 12:00:00,España,PRO,2026-01-05
10092,2026-01-04 12:00:00,México,ENTERPRISE,2026-01-04
10217,2026-01-15 12:00:00,España,PRO,2026-01-15
10036,2026-01-17 12:00:00,México,PRO,2026-01-17
10054,2026-01-05 12:00:00,United States,PRO,2026-01-05
10067,2026-01-14 12:00:00,United States,FREE,2026-01-14
10021,2026-01-16 12:00:00,México,ENTERPRISE,2026-01-16
10173,2026-01-18 12:00:00,United States,FREE,2026-01-18
10194,2026-01-02 12:00:00,España,ENTERPRISE,2026-01-02
10022,2026-01-09 12:00:00,Brasil,PRO,2026-01-09
10065,2026-01-12 12:00:00,Canada,PRO,2026-01-12
10037,2026-01-15 12:00:00,España,PRO,2026-01-15
10206,2026-01-06 12:00:00,Brasil,ENTERPRISE,2026-01-06
10000,2026-01-15 12:00:00,España,PRO,2026-01-15
10206,2026-01-06 12:00:00,España,FREE,2026-01-06
10085,2026-01-01 12:00:00,España,FREE,2026-01-01
10061,2026-01-11 12:00:00,México,FREE,2026-01-11
10045,2026-01-15 12:00:00,España,PRO,2026-01-15
10205,2026-01-08 12:00:00,Brasil,PRO,2026-01-08
10176,2026-01-07 12:00:00,España,FREE,2026-01-07
10015,2026-01-03 12:00:00,España,ENTERPRISE,2026-01-03
10080,2026-01-15 12:00:00,México,ENTERPRISE,2026-01-15
10004,2026-01-05 12:00:00,Brasil,ENTERPRISE,2026-01-05
10174,2026-01-15 12:00:00,Brasil,PRO,2026-01-15
10015,2026-01-02 12:00:00,Canada,PRO,2026-01-02
10216,2026-01-06 12:00:00,México,PRO,2026-01-06
10033,2026-01-05 12:00:00,México,FREE,2026-01-05
10067,2026-01-10 12:00:00,España,PRO,2026-01-10
10119,2026-01-17 12:00:00,México,PRO,2026-01-17
10155,2026-01-02 12:00:00,Canada,PRO,2026-01-02
10102,2026-01-04 12:00:00,España,PRO,2026-01-04
10155,2026-01-06 12:00:00,United States,PRO,2026-01-06
10091,2026-01-11 12:00:00,México,PRO,2026-01-11
10032,2026-01-16 12:00:00,Brasil,PRO,2026-01-16
10138,2026-01-07 12:00:00,United States,FREE,2026-01-07
10166,2026-01-07 12:00:00,España,PRO,2026-01-07
10040,2026-01-09 12:00:00,México,FREE,2026-01-09
10189,2026-01-01 12:00:00,España,PRO,2026-01-01
10073,2026-01-15 12:00:00,Canada,FREE,2026-01-15
10185,2026-01-03 12:00:00,España,PRO,2026-01-03
10082,2026-01-06 12:00:00,España,PRO,2026-01-06
10012,2026-01-08 12:00:00,United States,PRO,2026-01-08
10041,2026-01-03 12:00:00,México,FREE,2026-01-03
10217,2026-01-18 12:00:00,United States,PRO,2026-01-18
10065,2026-01-12 12:00:00,España,ENTERPRISE,2026-01-12
10059,2026-01-16 12:00:00,Canada,PRO,2026-01-16
10116,2026-01-10 12:00:00,España,FREE,2026-01-10
10163,2026-01-15 12:00:00,Brasil,PRO,2026-01-15
10086,2026-01-12 12:00:00,Canada,FREE,2026-01-12
10156,2026-01-03 12:00:00,Brasil,FREE,2026-01-03
10054,2026-01-05 12:00:00,Brasil,PRO,2026-01-05
10137,2026-01-14 12:00:00,Canada,FREE,2026-01-14
10152,2026-01-08 12:00:00,España,PRO,2026-01-08
10192,2026-01-07 12:00:00,España,FREE,2026-01-07
10042,2026-01-18 12:00:00,Brasil,FREE,2026-01-18
10085,2026-01-18 12:00:00,Brasil,ENTERPRISE,2026-01-18
10045,2026-01-06 12:00:00,Brasil,FREE,2026-01-06
10037,2026-01-06 12:00:00,Brasil,FREE,2026-01-06
10136,2026-01-13 12:00:00,United States,PRO,2026-01-13
10214,2026-01-07 12:00:00,México,PRO,2026-01-07
10061,2026-01-07 12:00:00,Canada,FREE,2026-01-07
10089,2026-01-12 12:00:00,México,FREE,2026-01-12
10134,2026-01-18 12:00:00,México,FREE,2026-01-18
10209,2026-01-01 12:00:00,México,FREE,2026-01-01
10058,2026-01-05 12:00:00,México,PRO,2026-01-05
10178,2026-01-18 12:00:00,España,ENTERPRISE,2026-01-18
10179,2026-01-13 12:00:00,United States,PRO,2026-01-13
10051,2026-01-05 12:00:00,México,FREE,2026-01-05
10056,2026-01-10 12:00:00,Brasil,PRO,2026-01-10
10140,2026-01-11 12:00:00,España,FREE,2026-01-11
10165,2026-01-08 12:00:00,México,PRO,2026-01-08
10145,2026-01-12 12:00:00,Canada,ENTERPRISE,2026-01-12
10062,2026-01-16 12:00:00,Canada,FREE,2026-01-16
10177,2026-01-17 12:00:00,España,PRO,2026-01-17
10006,2026-01-05 12:00:00,México,PRO,2026-01-05
10150,2026-01-13 12:00:00,España,FREE,2026-01-13
10172,2026-01-16 12:00:00,United States,FREE,2026-01-16
10157,2026-01-04 12:00:00,España,PRO,2026-01-04
10199,2026-01-09 12:00:00,United States,PRO,2026-01-09
10182,2026-01-14 12:00:00,United States,PRO,2026-01-14
10149,2026-01-06 12:00:00,México,PRO,2026-01-06
10188,2026-01-06 12:00:00,México,PRO,2026-01-06
10044,2026-01-15 12:00:00,España,PRO,2026-01-15
10079,2026-01-10 12:00:00,Canada,FREE,2026-01-10
10198,2026-01-14 12:00:00,Brasil,FREE,2026-01-14
10029,2026-01-03 12:00:00,España,ENTERPRISE,2026-01-03
10133,2026-01-14 12:00:00,España,PRO,2026-01-14
10116,2026-01-01 12:00:00,United States,FREE,2026-01-01
10181,2026-01-07 12:00:00,United States,FREE,2026-01-07
10165,2026-01-12 12:00:00,Canada,FREE,2026-01-12
10058,2026-01-06 12:00:00,España,FREE,2026-01-06
10122,2026-01-13 12:00:00,United States,PRO,2026-01-13
10011,2026-01-08 12:00:00,México,FREE,2026-01-08
10002,2026-01-01 12:00:00,México,PRO,2026-01-01
10162,2026-01-12 12:00:00,España,PRO,2026-01-12
10134,2026-01-17 12:00:00,México,FREE,2026-01-17
10207,2026-01-14 12:00:00,España,FREE,2026-01-14
10186,2026-01-11 12:00:00,México,PRO,2026-01-11
10168,2026-01-17 12:00:00,Brasil,FREE,2026-01-17
10118,2026-01-17 12:00:00,Brasil,ENTERPRISE,2026-01-17
10003,2026-01-16 12:00:00,United States,FREE,2026-01-16
10027,2026-01-05 12:00:00,México,PRO,2026-01-05
10187,2026-01-10 12:00:00,United States,FREE,2026-01-10
10200,2026-01-11 12:00:00,Brasil,FREE,2026-01-11
10026,2026-01-14 12:00:00,Brasil,ENTERPRISE,2026-01-14
10109,2026-01-13 12:00:00,México,FREE,2026-01-13
10084,2026-01-01 12:00:00,México,PRO,2026-01-01
10149,2026-01-01 12:00:00,Canada,ENTERPRISE,2026-01-01
10149,2026-01-05 12:00:00,Canada,PRO,2026-01-05
10070,2026-01-07 12:00:00,United States,PRO,2026-01-07
10187,2026-01-17 12:00:00,México,PRO,2026-01-17
10091,2026-01-16 12:00:00,Canada,PRO,2026-01-16
10202,2026-01-11 12:00:00,España,FREE,2026-01-11
10172,2026-01-14 12:00:00,México,ENTERPRISE,2026-01-14
10061,2026-01-09 12:00:00,United States,FREE,2026-01-09
10018,2026-01-05 12:00:00,España,PRO,2026-01-05
10157,2026-01-06 12:00:00,Brasil,PRO,2026-01-06
10215,2026-01-17 12:00:00,Brasil,FREE,2026-01-17
10095,2026-01-14 12:00:00,Canada,ENTERPRISE,2026-01-14
10112,2026-01-13 12:00:00,España,FREE,2026-01-13
10034,2026-01-09 12:00:00,España,FREE,2026-01-09
10198,2026-01-09 12:00:00,México,FREE,2026-01-09
10080,2026-01-16 12:00:00,España,PRO,2026-01-16
10137,2026-01-11 12:00:00,España,FREE,2026-01-11
10174,2026-01-12 12:00:00,Canada,PRO,2026-01-12
10105,2026-01-06 12:00:00,United States,PRO,2026-01-06
10140,2026-01-09 12:00:00,México,FREE,2026-01-09
10067,2026-01-05 12:00:00,España,FREE,2026-01-05
10006,2026-01-05 12:00:00,Canada,FREE,2026-01-05
10074,2026-01-10 12:00:00,España,FREE,2026-01-10
10009,2026-01-14 12:00:00,Canada,ENTERPRISE,2026-01-14
10143,2026-01-14 12:00:00,United States,FREE,2026-01-14
10187,2026-01-08 12:00:00,España,PRO,2026-01-08
10122,2026-01-08 12:00:00,United States,FREE,2026-01-08
10162,2026-01-16 12:00:00,España,ENTERPRISE,2026-01-16
10174,2026-01-13 12:00:00,España,FREE,2026-01-13
10058,2026-01-13 12:00:00,España,PRO,2026-01-13
10020,2026-01-17 12:00:00,España,FREE,2026-01-17
10176,2026-01-16 12:00:00,Brasil,PRO,2026-01-16
10096,2026-01-12 12:00:00,España,FREE,2026-01-12
10201,2026-01-15 12:00:00,Canada,FREE,2026-01-15
10118,2026-01-05 12:00:00,Canada,ENTERPRISE,2026-01-05
10212,2026-01-04 12:00:00,United States,FREE,2026-01-04
10128,2026-01-09 12:00:00,United States,PRO,2026-01-09
10177,2026-01-04 12:00:00,United States,PRO,2026-01-04
10193,2026-01-12 12:00:00,México,FREE,2026-01-12
10030,2026-01-11 12:00:00,México,PRO,2026-01-11
10051,2026-01-02 12:00:00,United States,PRO,2026-01-02
10216,2026-01-07 12:00:00,España,FREE,2026-01-07
10050,2026-01-17 12:00:00,Brasil,FREE,2026-01-17
10103,2026-01-15 12:00:00,España,ENTERPRISE,2026-01-15
10138,2026-01-03 12:00:00,España,FREE,2026-01-03
10089,2026-01-08 12:00:00,United States,ENTERPRISE,2026-01-08
10165,2026-01-13 12:00:00,España,FREE,2026-01-13
10039,2026-01-13 12:00:00,Canada,FREE,2026-01-13
10211,2026-01-15 12:00:00,México,FREE,2026-01-15
10213,2026-01-16 12:00:00,United States,FREE,2026-01-16
10004,2026-01-04 12:00:00,Canada,PRO,2026-01-04
10195,2026-01-15 12:00:00,España,FREE,2026-01-15
10177,2026-01-10 12:00:00,España,FREE,2026-01-10
10165,2026-01-03 12:00:00,España,PRO,2026-01-03
10021,2026-01-12 12:00:00,Brasil,PRO,2026-01-12
10194,2026-01-16 12:00:00,Brasil,PRO,2026-01-16
10078,2026-01-03 12:00:00,United States,PRO,2026-01-03
10084,2026-01-18 12:00:00,Brasil,FREE,2026-01-18
10175,2026-01-16 12:00:00,Canada,PRO,2026-01-16
10173,2026-01-06 12:00:00,España,PRO,2026-01-06
10094,2026-01-12 12:00:00,Canada,PRO,2026-01-12
10013,2026-01-06 12:00:00,México,ENTERPRISE,2026-01-06
10155,2026-01-01 12:00:00,Canada,PRO,2026-01-01
10142,2026-01-02 12:00:00,Brasil,PRO,2026-01-02
10044,2026-01-06 12:00:00,España,PRO,2026-01-06
10031,2026-01-13 12:00:00,Brasil,FREE,2026-01-13
10095,2026-01-10 12:00:00,Canada,ENTERPRISE,2026-01-10
10210,2026-01-15 12:00:00,United States,ENTERPRISE,2026-01-15
10105,2026-01-01 12:00:00,España,FREE,2026-01-01
10018,2026-01-05 12:00:00,United States,ENTERPRISE,2026-01-05
10164,2026-01-18 12:00:00,Canada,ENTERPRISE,2026-01-18
10050,2026-01-02 12:00:00,Brasil,ENTERPRISE,2026-01-02
10201,2026-01-09 12:00:00,Canada,ENTERPRISE,2026-01-09
10035,2026-01-01 12:00:00,México,PRO,2026-01-01
10116,2026-01-13 12:00:00,United States,FREE,2026-01-13
10003,2026-01-15 12:00:00,Brasil,PRO,2026-01-15
10162,2026-01-13 12:00:00,Canada,PRO,2026-01-13
10098,2026-01-09 12:00:00,United States,PRO,2026-01-09
10104,2026-01-14 12:00:00,United States,FREE,2026-01-14
10211,2026-01-05 12:00:00,España,FREE,2026-01-05
10020,2026-01-15 12:00:00,España,PRO,2026-01-15
10023,2026-01-06 12:00:00,United States,FREE,2026-01-06
10196,2026-01-11 12:00:00,México,PRO,2026-01-11
10113,2026-01-13 12:00:00,Brasil,FREE,2026-01-13
10040,2026-01-01 12:00:00,United States,PRO,2026-01-01
10048,2026-01-15 12:00:00,España,FREE,2026-01-15
10036,2026-01-15 12:00:00,Canada,PRO,2026-01-15
10032,2026-01-09 12:00:00,Canada,FREE,2026-01-09
10152,2026-01-11 12:00:00,Brasil,PRO,2026-01-11
10155,2026-01-05 12:00:00,Canada,PRO,2026-01-05
10164,2026-01-08 12:00:00,España,ENTERPRISE,2026-01-08
10207,2026-01-02 12:00:00,Brasil,ENTERPRISE,2026-01-02
10071,2026-01-07 12:00:00,Canada,FREE,2026-01-07
10137,2026-01-14 12:00:00,United States,FREE,2026-01-14
10046,2026-01-18 12:00:00,United States,FREE,2026-01-18
10026,2026-01-18 12:00:00,España,FREE,2026-01-18
10052,2026-01-14 12:00:00,Brasil,FREE,2026-01-14
10186,2026-01-05 12:00:00,United States,FREE,2026-01-05
10027,2026-01-05 12:00:00,México,FREE,2026-01-05
10047,2026-01-04 12:00:00,España,PRO,2026-01-04
10002,2026-01-03 12:00:00,España,PRO,2026-01-03
10080,2026-01-10 12:00:00,México,PRO,2026-01-10
10006,2026-01-04 12:00:00,Canada,PRO,2026-01-04
10073,2026-01-06 12:00:00,Brasil,FREE,2026-01-06
10164,2026-01-02 12:00:00,Brasil,FREE,2026-01-02
10126,2026-01-14 12:00:00,España,PRO,2026-01-14
10071,2026-01-03 12:00:00,España,PRO,2026-01-03
10077,2026-01-01 12:00:00,Brasil,PRO,2026-01-01
10176,2026-01-12 12:00:00,United States,PRO,2026-01-12
10144,2026-01-05 12:00:00,España,ENTERPRISE,2026-01-05
10163,2026-01-02 12:00:00,Canada,FREE,2026-01-02
10042,2026-01-07 12:00:00,México,FREE,2026-01-07
10167,2026-01-08 12:00:00,United States,PRO,2026-01-08
10154,2026-01-14 12:00:00,España,PRO,2026-01-14
10009,2026-01-01 12:00:00,Canada,FREE,2026-01-01
10000,2026-01-15 12:00:00,Canada,PRO,2026-01-15
10150,2026-01-05 12:00:00,España,PRO,2026-01-05
10053,2026-01-02 12:00:00,España,FREE,2026-01-02
10059,2026-01-09 12:00:00,Brasil,FREE,2026-01-09
10114,2026-01-11 12:00:00,España,PRO,2026-01-11
10143,2026-01-04 12:00:00,Canada,PRO,2026-01-04
10126,2026-01-16 12:00:00,Brasil,PRO,2026-01-16
10046,2026-01-03 12:00:00,México,FREE,2026-01-03
10123,2026-01-17 12:00:00,Canada,FREE,2026-01-17
10197,2026-01-08 12:00:00,United States,PRO,2026-01-08
10171,2026-01-06 12:00:00,España,PRO,2026-01-06
10131,2026-01-09 12:00:00,Canada,FREE,2026-01-09
10219,2026-01-02 12:00:00,Brasil,FREE,2026-01-02
10023,2026-01-05 12:00:00,Brasil,PRO,2026-01-05
