customer_id,email,email_local,email_domain
10000,user10000@example.com,user10000,example.com
10001,user10001@example.com,user10001,example.com
10002,user10002@example.com,user10002,example.com
10003,user10003@example.com,user10003,example.com
10004,user10004@example.com,user10004,example.com
10005,user10005@example.com,user10005,example.com
10006,user10006@example.com,user10006,example.com
10007,user10007@example.com,user10007,example.com
10008,user10008@example.com,user10008,example.com
10009,user10009@example.com,user10009,example.com
10010,user10010@example.com,user10010,example.com
10011,user10011@example.com,user10011,example.com
10012,user10012@example.com,user10012,example.com
10013,user10013@example.com,user10013,example.com
10014,user10014@example.com,user10014,example.com
10015,user10015@example.com,user10015,example.com
10016,user10016@example.com,user10016,example.com
10017,user10017@example.com,user10017,example.com
10018,user10018@example.com,user10018,example.com
10019,user10019@example.com,user10019,example.com
10020,user10020@example.com,user10020,example.com
10021,user10021@example.com,user10021,example.com
10022,user10022@example.com,user10022,example.com
10023,user10023@example.com,user10023,example.com
10024,user10024@example.com,user10024,example.com
10025,user10025@example.com,user10025,example.com
10026,user10026@example.com,user10026,example.com
10027,user10027@example.com,user10027,example.com
10028,user10028@example.com,user10028,example.com
10029,user10029@example.com,user10029,example.com
10030,user10030@example.com,user10030,example.com
10031,user10031@example.com,user10031,example.com
10032,user10032@example.com,user10032,example.com
10033,user10033@example.com,user10033,example.com
10034,user10034@example.com,user10034,example.com
10035,user10035@example.com,user10035,example.com
10036,user10036@example.com,user10036,example.com
10037,user10037@example.com,user10037,example.com
10038,user10038@example.com,user10038,example.com
10039,user10039@example.com,user10039,example.com
10040,user10040@example.com,user10040,example.com
10041,user10041@example.com,user10041,example.com
10042,user10042@example.com,user10042,example.com
10043,user10043@example.com,user10043,example.com
10044,user10044@example.com,user10044,example.com
10045,user10045@example.com,user10045,example.com
10046,user10046@example.com,user10046,example.com
10047,user10047@example.com,user10047,example.com
10048,user10048@example.com,user10048,example.com
10049,user10049@example.com,user10049,example.com
10050,user10050@example.com,user10050,example.com
10051,user10051@example.com,user10051,example.com
10052,user10052@example.com,user10052,example.com
10053,user10053@example.com,user10053,example.com
10054,user10054@example.com,user10054,example.com
10055,user10055@example.com,user10055,example.com
10056,user10056@example.com,user10056,example.com
10057,user10057@example.com,user10057,example.com
10058,user10058@example.com,user10058,example.com
10059,user10059@example.com,user10059,example.com
10060,user10060@example.com,user10060,example.com
10061,user10061@example.com,user10061,example.com
10062,user10062@example.com,user10062,example.com
10063,user10063@example.com,user10063,example.com
10064,user10064@example.com,user10064,example.com
10065,user10065@example.com,user10065,example.com
10066,user10066@example.com,user10066,example.com
10067,user10067@example.com,user10067,example.com
10068,user10068@example.com,user10068,example.com
10069,user10069@example.com,user10069,example.com
10070,user10070@example.com,user10070,example.com
10071,user10071@example.com,user10071,example.com
10072,user10072@example.com,user10072,example.com
10073,user10073@example.com,user10073,example.com
10074,user10074@example.com,user10074,example.com
10075,user10075@example.com,user10075,example.com
10076,user10076@example.com,user10076,example.com
10077,user10077@example.com,user10077,example.com
10078,user10078@example.com,user10078,example.com
10079,user10079@example.com,user10079,example.com
10080,user10080@example.com,user10080,example.com
10081,user10081@example.com,user10081,example.com
10082,user10082@example.com,user10082,example.com
10083,user10083@example.com,user10083,example.com
10084,user10084@example.com,user10084,example.com
10085,user10085@example.com,user10085,example.com
10086,user10086@example.com,user10086,example.com
10087,user10087@example.com,user10087,example.com
10088,user10088@example.com,user10088,example.com
10089,user10089@example.com,user10089,example.com
10090,user10090@example.com,user10090,example.com
10091,user10091@example.com,user10091,example.com
10092,user10092@example.com,user10092,example.com
10093,user10093@example.com,user10093,example.com
10094,user10094@example.com,user10094,example.com
10095,user10095@example.com,user10095,example.com
10096,user10096@example.com,user10096,example.com
10097,user10097@example.com,user10097,example.com
10098,user10098@example.com,user10098,example.com
10099,user10099@example.com,user10099,example.com
10100,user10100@example.com,user10100,example.com
10101,user10101@example.com,user10101,example.com
10102,user10102@example.com,user10102,example.com
10103,user10103@example.com,user10103,example.com
10104,user10104@example.com,user10104,example.com
10105,user10105@example.com,user10105,example.com
10106,user10106@example.com,user10106,example.com
10107,user10107@example.com,user10107,example.com
10108,user10108@example.com,user10108,example.com
10109,user10109@example.com,user10109,example.com
10110,user10110@example.com,user10110,example.com
10111,user10111@example.com,user10111,example.com
10112,user10112@example.com,user10112,example.com
10113,user10113@example.com,user10113,example.com
10114,user10114@example.com,user10114,example.com
10115,user10115@example.com,user10115,example.com
10116,user10116@example.com,user10116,example.com
10117,user10117@example.com,user10117,example.com
10118,user10118@example.com,user10118,example.com
10119,user10119@example.com,user10119,example.com
10120,user10120@example.com,user10120,example.com
10121,user10121@example.com,user10121,example.com
10122,user10122@example.com,user10122,example.com
10123,user10123@example.com,user10123,example.com
10124,user10124@example.com,user10124,example.com
10125,user10125@example.com,user10125,example.com
10126,user10126@example.com,user10126,example.com
10127,user10127@example.com,user10127,example.com
10128,user10128@example.com,user10128,example.com
10129,user10129@example.com,user10129,example.com
10130,user10130@example.com,user10130,example.com
10131,user10131@example.com,user10131,example.com
10132,user10132@example.com,user10132,example.com
10133,user10133@example.com,user10133,example.com
10134,user10134@example.com,user10134,example.com
10135,user10135@example.com,user10135,example.com
10136,user10136@example.com,user10136,example.com
10137,user10137@example.com,user10137,example.com
10138,user10138@example.com,user10138,example.com
10139,user10139@example.com,user10139,example.com
10140,user10140@example.com,user10140,example.com
10141,user10141@example.com,user10141,example.com
10142,user10142@example.com,user10142,example.com
10143,user10143@example.com,user10143,example.com
10144,user10144@example.com,user10144,example.com
10145,user10145@example.com,user10145,example.com
10146,user10146@example.com,user10146,example.com
10147,user10147@example.com,user10147,example.com
10148,user10148@example.com,user10148,example.com
10149,user10149@example.com,user10149,example.com
10150,user10150@example.com,user10150,example.com
10151,user10151@example.com,user10151,example.com
10152,user10152@example.com,user10152,example.com
10153,user10153@example.com,user10153,example.com
10154,user10154@example.com,user10154,example.com
10155,user10155@example.com,user10155,example.com
10156,user10156@example.com,user10156,example.com
10157,user10157@example.com,user10157,example.com
10158,user10158@example.com,user10158,example.com
10159,user10159@example.com,user10159,example.com
10160,user10160@example.com,user10160,example.com
10161,user10161@example.com,user10161,example.com
10162,user10162@example.com,user10162,example.com
10163,user10163@example.com,user10163,example.com
10164,user10164@example.com,user10164,example.com
10165,user10165@example.com,user10165,example.com
10166,user10166@example.com,user10166,example.com
10167,user10167@example.com,user10167,example.com
10168,user10168@example.com,user10168,example.com
10169,user10169@example.com,user10169,example.com
10170,user10170@example.com,user10170,example.com
10171,user10171@example.com,user10171,example.com
10172,user10172@example.com,user10172,example.com
10173,user10173@example.com,user10173,example.com
10174,user10174@example.com,user10174,example.com
10175,user10175@example.com,user10175,example.com
10176,user10176@example.com,user10176,example.com
10177,user10177@example.com,user10177,example.com
10178,user10178@example.com,user10178,example.com
10179,user10179@example.com,user10179,example.com
10180,user10180@example.com,user10180,example.com
10181,user10181@example.com,user10181,example.com
10182,user10182@example.com,user10182,example.com
10183,user10183@example.com,user10183,example.com
10184,user10184@example.com,user10184,example.com
10185,user10185@example.com,user10185,example.com
10186,user10186@example.com,user10186,example.com
10187,user10187@example.com,user10187,example.com
10188,user10188@example.com,user10188,example.com
10189,user10189@example.com,user10189,example.com
10190,user10190@example.com,user10190,example.com
10191,user10191@example.com,user10191,example.com
10192,user10192@example.com,user10192,example.com
10193,user10193@example.com,user10193,example.com
10194,user10194@example.com,user10194,example.com
10195,user10195@example.com,user10195,example.com
10196,user10196@example.com,user10196,example.com
10197,user10197@example.com,user10197,example.com
10198,user10198@example.com,user10198,example.com
10199,user10199@example.com,user10199,example.com
10200,user10200@example.com,user10200,example.com
10201,user10201@example.com,user10201,example.com
10202,user10202@example.com,user10202,example.com
10203,user10203@example.com,user10203,example.com
10204,user10204@example.com,user10204,example.com
10205,user10205@example.com,user10205,example.com
10206,user10206@example.com,user10206,example.com
10207,user10207@example.com,user10207,example.com
10208,user10208@example.com,user10208,example.com
10209,user10209@example.com,user10209,example.com
10210,user10210@example.com,user10210,example.com
10211,user10211@example.com,user10211,example.com
10212,user10212@example.com,user10212,example.com
10213,user10213@example.com,user10213,example.com
10214,user10214@example.com,user10214,example.com
10215,user10215@example.com,user10215,example.com
10216,user10216@example.com,user10216,example.com
10217,user10217@example.com,user10217,example.com
10218,user10218@example.com,user10218,example.com
10219,user10219@example.com,user10219,example.com
