budget_record_id,budget_ts,campaign_code_raw,region_code_raw,daily_budget_usd,budget_owner
B-CMP001-2026-01-05-NORTH,2026-01-05 12:00:00,Cmp001,NORTH,510,finance_ops
B-CMP001-2026-01-05-SOUTH,2026-01-05 12:00:00,cmp001,SOUTH,1309,growth_marketing
B-CMP001-2026-01-05-EAST,2026-01-05 12:00:00,CMP001,EAST,1343,growth_marketing
B-CMP001-2026-01-05-WEST,2026-01-05 12:00:00,Cmp001,WEST,390,growth_marketing
B-CMP001-2026-01-06-NORTH,2026-01-06 12:00:00,cmp001,NORTH,1304,growth_marketing
B-CMP001-2026-01-06-SOUTH,2026-01-06 12:00:00,cmp001,SOUTH,1037,brand_team
B-CMP001-2026-01-06-EAST,2026-01-06 12:00:00,Cmp001,EAST,398,finance_ops
B-CMP001-2026-01-06-WEST,2026-01-06 12:00:00,Cmp001,WEST,363,growth_marketing
B-CMP001-2026-01-07-NORTH,2026-01-07 12:00:00,cmp001,NORTH,704,finance_ops
B-CMP001-2026-01-07-SOUTH,2026-01-07 12:00:00,CMP001,SOUTH,1150,finance_ops
B-CMP001-2026-01-07-EAST,2026-01-07 12:00:00,cmp001,EAST,728,finance_ops
B-CMP001-2026-01-07-WEST,2026-01-07 12:00:00,CMP001,WEST,870,finance_ops
B-CMP001-2026-01-08-NORTH,2026-01-08 12:00:00,CMP001,NORTH,1410,growth_marketing
B-CMP001-2026-01-08-SOUTH,2026-01-08 12:00:00,Cmp001,SOUTH,1310,finance_ops
B-CMP001-2026-01-08-EAST,2026-01-08 12:00:00,Cmp001,EAST,884,growth_marketing
B-CMP001-2026-01-08-WEST,2026-01-08 12:00:00,CMP001,WEST,923,brand_team
B-CMP001-2026-01-09-NORTH,2026-01-09 12:00:00,Cmp001,NORTH,1347,growth_marketing
B-CMP001-2026-01-09-SOUTH,2026-01-09 12:00:00,Cmp001,SOUTH,1338,finance_ops
B-CMP001-2026-01-09-EAST,2026-01-09 12:00:00,cmp001,EAST,360,growth_marketing
B-CMP001-2026-01-09-WEST,2026-01-09 12:00:00,CMP001,WEST,1182,brand_team
B-CMP001-2026-01-10-NORTH,2026-01-10 12:00:00,Cmp001,NORTH,342,growth_marketing
B-CMP001-2026-01-10-SOUTH,2026-01-10 12:00:00,cmp001,SOUTH,459,brand_team
B-CMP001-2026-01-10-EAST,2026-01-10 12:00:00,Cmp001,EAST,1496,growth_marketing
B-CMP001-2026-01-10-WEST,2026-01-10 12:00:00,Cmp001,WEST,1409,growth_marketing
B-CMP001-2026-01-11-NORTH,2026-01-11 12:00:00,Cmp001,NORTH,551,brand_team
B-CMP001-2026-01-11-SOUTH,2026-01-11 12:00:00,Cmp001,SOUTH,1310,growth_marketing
B-CMP001-2026-01-11-EAST,2026-01-11 12:00:00,Cmp001,EAST,1221,brand_team
B-CMP001-2026-01-11-WEST,2026-01-11 12:00:00,Cmp001,WEST,897,growth_marketing
B-CMP001-2026-01-12-NORTH,2026-01-12 12:00:00,cmp001,NORTH,856,growth_marketing
B-CMP001-2026-01-12-SOUTH,2026-01-12 12:00:00,cmp001,SOUTH,523,growth_marketing
B-CMP001-2026-01-12-EAST,2026-01-12 12:00:00,Cmp001,EAST,1415,growth_marketing
B-CMP001-2026-01-12-WEST,2026-01-12 12:00:00,Cmp001,WEST,1095,growth_marketing
B-CMP001-2026-01-13-NORTH,2026-01-13 12:00:00,Cmp001,NORTH,1289,growth_marketing
B-CMP001-2026-01-13-SOUTH,2026-01-13 12:00:00,cmp001,SOUTH,714,brand_team
B-CMP001-2026-01-13-EAST,2026-01-13 12:00:00,cmp001,EAST,669,brand_team
B-CMP001-2026-01-13-WEST,2026-01-13 12:00:00,cmp001,WEST,1357,brand_team
B-CMP001-2026-01-14-NORTH,2026-01-14 12:00:00,Cmp001,NORTH,547,brand_team
B-CMP001-2026-01-14-SOUTH,2026-01-14 12:00:00,Cmp001,SOUTH,1373,finance_ops
B-CMP001-2026-01-14-EAST,2026-01-14 12:00:00,cmp001,EAST,403,finance_ops
B-CMP001-2026-01-14-WEST,2026-01-14 12:00:00,CMP001,WEST,371,brand_team
B-CMP002-2026-01-05-NORTH,2026-01-05 12:00:00,Cmp002,NORTH,1422,growth_marketing
B-CMP002-2026-01-05-SOUTH,2026-01-05 12:00:00,CMP002,SOUTH,673,growth_marketing
B-CMP002-2026-01-05-EAST,2026-01-05 12:00:00,Cmp002,EAST,892,growth_marketing
B-CMP002-2026-01-05-WEST,2026-01-05 12:00:00,Cmp002,WEST,482,growth_marketing
B-CMP002-2026-01-06-NORTH,2026-01-06 12:00:00,cmp002,NORTH,843,brand_team
B-CMP002-2026-01-06-SOUTH,2026-01-06 12:00:00,Cmp002,SOUTH,1394,finance_ops
B-CMP002-2026-01-06-EAST,2026-01-06 12:00:00,Cmp002,EAST,1329,finance_ops
B-CMP002-2026-01-06-WEST,2026-01-06 12:00:00,Cmp002,WEST,1420,brand_team
B-CMP002-2026-01-07-NORTH,2026-01-07 12:00:00,Cmp002,NORTH,1164,growth_marketing
B-CMP002-2026-01-07-SOUTH,2026-01-07 12:00:00,Cmp002,SOUTH,1232,brand_team
B-CMP002-2026-01-07-EAST,2026-01-07 12:00:00,Cmp002,EAST,1019,growth_marketing
B-CMP002-2026-01-07-WEST,2026-01-07 12:00:00,Cmp002,WEST,333,finance_ops
B-CMP002-2026-01-08-NORTH,2026-01-08 12:00:00,Cmp002,NORTH,463,growth_marketing
B-CMP002-2026-01-08-SOUTH,2026-01-08 12:00:00,Cmp002,SOUTH,985,finance_ops
B-CMP002-2026-01-08-EAST,2026-01-08 12:00:00,cmp002,EAST,1421,growth_marketing
B-CMP002-2026-01-08-WEST,2026-01-08 12:00:00,Cmp002,WEST,793,growth_marketing
B-CMP002-2026-01-09-NORTH,2026-01-09 12:00:00,Cmp002,NORTH,365,brand_team
B-CMP002-2026-01-09-SOUTH,2026-01-09 12:00:00,Cmp002,SOUTH,814,finance_ops
B-CMP002-2026-01-09-EAST,2026-01-09 12:00:00,cmp002,EAST,1412,growth_marketing
B-CMP002-2026-01-09-WEST,2026-01-09 12:00:00,cmp002,WEST,1108,finance_ops
B-CMP002-2026-01-10-NORTH,2026-01-10 12:00:00,Cmp002,NORTH,1394,finance_ops
B-CMP002-2026-01-10-SOUTH,2026-01-10 12:00:00,Cmp002,SOUTH,352,finance_ops
B-CMP002-2026-01-10-EAST,2026-01-10 12:00:00,Cmp002,EAST,517,growth_marketing
B-CMP002-2026-01-10-WEST,2026-01-10 12:00:00,CMP002,WEST,1078,finance_ops
B-CMP002-2026-01-11-NORTH,2026-01-11 12:00:00,CMP002,NORTH,462,growth_marketing
B-CMP002-2026-01-11-SOUTH,2026-01-11 12:00:00,Cmp002,SOUTH,980,brand_team
B-CMP002-2026-01-11-EAST,2026-01-11 12:00:00,cmp002,EAST,869,brand_team
B-CMP002-2026-01-11-WEST,2026-01-11 12:00:00,Cmp002,WEST,410,finance_ops
B-CMP002-2026-01-12-NORTH,2026-01-12 12:00:00,cmp002,NORTH,369,brand_team
B-CMP002-2026-01-12-SOUTH,2026-01-12 12:00:00,Cmp002,SOUTH,473,finance_ops
B-CMP002-2026-01-12-EAST,2026-01-12 12:00:00,CMP002,EAST,673,brand_team
B-CMP002-2026-01-12-WEST,2026-01-12 12:00:00,cmp002,WEST,738,finance_ops
B-CMP002-2026-01-13-NORTH,2026-01-13 12:00:00,CMP002,NORTH,1333,finance_ops
B-CMP002-2026-01-13-SOUTH,2026-01-13 12:00:00,Cmp002,SOUTH,1406,growth_marketing
B-CMP002-2026-01-13-EAST,2026-01-13 12:00:00,Cmp002,EAST,1197,finance_ops
B-CMP002-2026-01-13-WEST,2026-01-13 12:00:00,cmp002,WEST,725,brand_team
B-CMP002-2026-01-14-NORTH,2026-01-14 12:00:00,Cmp002,NORTH,1080,growth_marketing
B-CMP002-2026-01-14-SOUTH,2026-01-14 12:00:00,cmp002,SOUTH,453,growth_marketing
B-CMP002-2026-01-14-EAST,2026-01-14 12:00:00,Cmp002,EAST,627,finance_ops
B-CMP002-2026-01-14-WEST,2026-01-14 12:00:00,Cmp002,WEST,1281,finance_ops
B-CMP003-2026-01-05-NORTH,2026-01-05 12:00:00,cmp003,NORTH,1181,finance_ops
B-CMP003-2026-01-05-SOUTH,2026-01-05 12:00:00,Cmp003,SOUTH,946,brand_team
B-CMP003-2026-01-05-EAST,2026-01-05 12:00:00,Cmp003,EAST,878,growth_marketing
B-CMP003-2026-01-05-WEST,2026-01-05 12:00:00,cmp003,WEST,619,finance_ops
B-CMP003-2026-01-06-NORTH,2026-01-06 12:00:00,CMP003,NORTH,1020,growth_marketing
B-CMP003-2026-01-06-SOUTH,2026-01-06 12:00:00,Cmp003,SOUTH,502,finance_ops
B-CMP003-2026-01-06-EAST,2026-01-06 12:00:00,cmp003,EAST,749,finance_ops
B-CMP003-2026-01-06-WEST,2026-01-06 12:00:00,cmp003,WEST,926,growth_marketing
B-CMP003-2026-01-07-NORTH,2026-01-07 12:00:00,CMP003,NORTH,1461,finance_ops
B-CMP003-2026-01-07-SOUTH,2026-01-07 12:00:00,cmp003,SOUTH,506,brand_team
B-CMP003-2026-01-07-EAST,2026-01-07 12:00:00,cmp003,EAST,1126,finance_ops
B-CMP003-2026-01-07-WEST,2026-01-07 12:00:00,CMP003,WEST,741,brand_team
B-CMP003-2026-01-08-NORTH,2026-01-08 12:00:00,Cmp003,NORTH,658,brand_team
B-CMP003-2026-01-08-SOUTH,2026-01-08 12:00:00,Cmp003,SOUTH,453,finance_ops
B-CMP003-2026-01-08-EAST,2026-01-08 12:00:00,Cmp003,EAST,1492,growth_marketing
B-CMP003-2026-01-08-WEST,2026-01-08 12:00:00,Cmp003,WEST,808,finance_ops
B-CMP003-2026-01-09-NORTH,2026-01-09 12:00:00,Cmp003,NORTH,402,brand_team
B-CMP003-2026-01-09-SOUTH,2026-01-09 12:00:00,Cmp003,SOUTH,665,growth_marketing
B-CMP003-2026-01-09-EAST,2026-01-09 12:00:00,Cmp003,EAST,723,growth_marketing
B-CMP003-2026-01-09-WEST,2026-01-09 12:00:00,Cmp003,WEST,1107,finance_ops
B-CMP003-2026-01-10-NORTH,2026-01-10 12:00:00,Cmp003,NORTH,972,growth_marketing
B-CMP003-2026-01-10-SOUTH,2026-01-10 12:00:00,Cmp003,SOUTH,483,brand_team
B-CMP003-2026-01-10-EAST,2026-01-10 12:00:00,Cmp003,EAST,1343,brand_team
B-CMP003-2026-01-10-WEST,2026-01-10 12:00:00,Cmp003,WEST,1167,finance_ops
B-CMP003-2026-01-11-NORTH,2026-01-11 12:00:00,cmp003,NORTH,1146,finance_ops
B-CMP003-2026-01-11-SOUTH,2026-01-11 12:00:00,Cmp003,SOUTH,636,growth_marketing
B-CMP003-2026-01-11-EAST,2026-01-11 12:00:00,cmp003,EAST,1161,brand_team
B-CMP003-2026-01-11-WEST,2026-01-11 12:00:00,Cmp003,WEST,1010,growth_marketing
B-CMP003-2026-01-12-NORTH,2026-01-12 12:00:00,Cmp003,NORTH,1202,brand_team
B-CMP003-2026-01-12-SOUTH,2026-01-12 12:00:00,cmp003,SOUTH,527,brand_team
B-CMP003-2026-01-12-EAST,2026-01-12 12:00:00,Cmp003,EAST,673,growth_marketing
B-CMP003-2026-01-12-WEST,2026-01-12 12:00:00,cmp003,WEST,1188,finance_ops
B-CMP003-2026-01-13-NORTH,2026-01-13 12:00:00,cmp003,NORTH,647,brand_team
B-CMP003-2026-01-13-SOUTH,2026-01-13 12:00:00,cmp003,SOUTH,1028,finance_ops
B-CMP003-2026-01-13-EAST,2026-01-13 12:00:00,cmp003,EAST,497,growth_marketing
B-CMP003-2026-01-13-WEST,2026-01-13 12:00:00,Cmp003,WEST,809,finance_ops
B-CMP003-2026-01-14-NORTH,2026-01-14 12:00:00,cmp003,NORTH,1040,growth_marketing
B-CMP003-2026-01-14-SOUTH,2026-01-14 12:00:00,Cmp003,SOUTH,1328,growth_marketing
B-CMP003-2026-01-14-EAST,2026-01-14 12:00:00,cmp003,EAST,562,finance_ops
B-CMP003-2026-01-14-WEST,2026-01-14 12:00:00,Cmp003,WEST,1433,growth_marketing
B-CMP004-2026-01-05-NORTH,2026-01-05 12:00:00,cmp004,NORTH,1468,brand_team
B-CMP004-2026-01-05-SOUTH,2026-01-05 12:00:00,CMP004,SOUTH,834,finance_ops
B-CMP004-2026-01-05-EAST,2026-01-05 12:00:00,Cmp004,EAST,736,growth_marketing
B-CMP004-2026-01-05-WEST,2026-01-05 12:00:00,Cmp004,WEST,753,finance_ops
B-CMP004-2026-01-06-NORTH,2026-01-06 12:00:00,cmp004,NORTH,974,finance_ops
B-CMP004-2026-01-06-SOUTH,2026-01-06 12:00:00,Cmp004,SOUTH,849,growth_marketing
B-CMP004-2026-01-06-EAST,2026-01-06 12:00:00,CMP004,EAST,1112,finance_ops
B-CMP004-2026-01-06-WEST,2026-01-06 12:00:00,cmp004,WEST,1105,finance_ops
B-CMP004-2026-01-07-NORTH,2026-01-07 12:00:00,cmp004,NORTH,420,growth_marketing
B-CMP004-2026-01-07-SOUTH,2026-01-07 12:00:00,Cmp004,SOUTH,1433,growth_marketing
B-CMP004-2026-01-07-EAST,2026-01-07 12:00:00,Cmp004,EAST,715,finance_ops
B-CMP004-2026-01-07-WEST,2026-01-07 12:00:00,Cmp004,WEST,903,finance_ops
B-CMP004-2026-01-08-NORTH,2026-01-08 12:00:00,cmp004,NORTH,761,growth_marketing
B-CMP004-2026-01-08-SOUTH,2026-01-08 12:00:00,cmp004,SOUTH,1365,growth_marketing
B-CMP004-2026-01-08-EAST,2026-01-08 12:00:00,Cmp004,EAST,1147,growth_marketing
B-CMP004-2026-01-08-WEST,2026-01-08 12:00:00,Cmp004,WEST,1433,brand_team
B-CMP004-2026-01-09-NORTH,2026-01-09 12:00:00,Cmp004,NORTH,1484,finance_ops
B-CMP004-2026-01-09-SOUTH,2026-01-09 12:00:00,Cmp004,SOUTH,923,growth_marketing
B-CMP004-2026-01-09-EAST,2026-01-09 12:00:00,Cmp004,EAST,656,growth_marketing
B-CMP004-2026-01-09-WEST,2026-01-09 12:00:00,cmp004,WEST,924,growth_marketing
B-CMP004-2026-01-10-NORTH,2026-01-10 12:00:00,Cmp004,NORTH,1246,growth_marketing
B-CMP004-2026-01-10-SOUTH,2026-01-10 12:00:00,Cmp004,SOUTH,1230,finance_ops
B-CMP004-2026-01-10-EAST,2026-01-10 12:00:00,Cmp004,EAST,385,brand_team
B-CMP004-2026-01-10-WEST,2026-01-10 12:00:00,Cmp004,WEST,766,growth_marketing
B-CMP004-2026-01-11-NORTH,2026-01-11 12:00:00,Cmp004,NORTH,725,brand_team
B-CMP004-2026-01-11-SOUTH,2026-01-11 12:00:00,Cmp004,SOUTH,798,finance_ops
B-CMP004-2026-01-11-EAST,2026-01-11 12:00:00,Cmp004,EAST,1247,finance_ops
B-CMP004-2026-01-11-WEST,2026-01-11 12:00:00,Cmp004,WEST,1383,brand_team
B-CMP004-2026-01-12-NORTH,2026-01-12 12:00:00,Cmp004,NORTH,732,brand_team
B-CMP004-2026-01-12-SOUTH,2026-01-12 12:00:00,CMP004,SOUTH,674,brand_team
B-CMP004-2026-01-12-EAST,2026-01-12 12:00:00,Cmp004,EAST,1295,brand_team
B-CMP004-2026-01-12-WEST,2026-01-12 12:00:00,Cmp004,WEST,1455,brand_team
B-CMP004-2026-01-13-NORTH,2026-01-13 12:00:00,Cmp004,NORTH,337,brand_team
B-CMP004-2026-01-13-SOUTH,2026-01-13 12:00:00,Cmp004,SOUTH,387,growth_marketing
B-CMP004-2026-01-13-EAST,2026-01-13 12:00:00,Cmp004,EAST,1360,finance_ops
B-CMP004-2026-01-13-WEST,2026-01-13 12:00:00,Cmp004,WEST,501,finance_ops
B-CMP004-2026-01-14-NORTH,2026-01-14 12:00:00,cmp004,NORTH,887,growth_marketing
B-CMP004-2026-01-14-SOUTH,2026-01-14 12:00:00,Cmp004,SOUTH,700,growth_marketing
B-CMP004-2026-01-14-EAST,2026-01-14 12:00:00,Cmp004,EAST,455,finance_ops
B-CMP004-2026-01-14-WEST,2026-01-14 12:00:00,cmp004,WEST,1436,brand_team
B-CMP005-2026-01-05-NORTH,2026-01-05 12:00:00,CMP005,NORTH,1010,brand_team
B-CMP005-2026-01-05-SOUTH,2026-01-05 12:00:00,Cmp005,SOUTH,1080,growth_marketing
B-CMP005-2026-01-05-EAST,2026-01-05 12:00:00,cmp005,EAST,1331,finance_ops
B-CMP005-2026-01-05-WEST,2026-01-05 12:00:00,cmp005,WEST,521,finance_ops
B-CMP005-2026-01-06-NORTH,2026-01-06 12:00:00,Cmp005,NORTH,1120,growth_marketing
B-CMP005-2026-01-06-SOUTH,2026-01-06 12:00:00,Cmp005,SOUTH,609,finance_ops
B-CMP005-2026-01-06-EAST,2026-01-06 12:00:00,cmp005,EAST,534,finance_ops
B-CMP005-2026-01-06-WEST,2026-01-06 12:00:00,cmp005,WEST,1216,finance_ops
B-CMP005-2026-01-07-NORTH,2026-01-07 12:00:00,CMP005,NORTH,1223,brand_team
B-CMP005-2026-01-07-SOUTH,2026-01-07 12:00:00,cmp005,SOUTH,677,brand_team
B-CMP005-2026-01-07-EAST,2026-01-07 12:00:00,cmp005,EAST,870,growth_marketing
B-CMP005-2026-01-07-WEST,2026-01-07 12:00:00,cmp005,WEST,713,brand_team
B-CMP005-2026-01-08-NORTH,2026-01-08 12:00:00,Cmp005,NORTH,713,brand_team
B-CMP005-2026-01-08-SOUTH,2026-01-08 12:00:00,Cmp005,SOUTH,790,growth_marketing
B-CMP005-2026-01-08-EAST,2026-01-08 12:00:00,Cmp005,EAST,331,growth_marketing
B-CMP005-2026-01-08-WEST,2026-01-08 12:00:00,cmp005,WEST,396,brand_team
B-CMP005-2026-01-09-NORTH,2026-01-09 12:00:00,cmp005,NORTH,811,finance_ops
B-CMP005-2026-01-09-SOUTH,2026-01-09 12:00:00,Cmp005,SOUTH,360,finance_ops
B-CMP005-2026-01-09-EAST,2026-01-09 12:00:00,cmp005,EAST,858,growth_marketing
B-CMP005-2026-01-09-WEST,2026-01-09 12:00:00,CMP005,WEST,1467,finance_ops
B-CMP005-2026-01-10-NORTH,2026-01-10 12:00:00,CMP005,NORTH,1413,brand_team
B-CMP005-2026-01-10-SOUTH,2026-01-10 12:00:00,cmp005,SOUTH,1162,growth_marketing
B-CMP005-2026-01-10-EAST,2026-01-10 12:00:00,cmp005,EAST,940,finance_ops
B-CMP005-2026-01-10-WEST,2026-01-10 12:00:00,cmp005,WEST,484,brand_team
B-CMP005-2026-01-11-NORTH,2026-01-11 12:00:00,cmp005,NORTH,338,growth_marketing
B-CMP005-2026-01-11-SOUTH,2026-01-11 12:00:00,Cmp005,SOUTH,533,growth_marketing
B-CMP005-2026-01-11-EAST,2026-01-11 12:00:00,Cmp005,EAST,1355,finance_ops
B-CMP005-2026-01-11-WEST,2026-01-11 12:00:00,Cmp005,WEST,645,brand_team
B-CMP005-2026-01-12-NORTH,2026-01-12 12:00:00,cmp005,NORTH,753,growth_marketing
B-CMP005-2026-01-12-SOUTH,2026-01-12 12:00:00,Cmp005,SOUTH,1069,growth_marketing
B-CMP005-2026-01-12-EAST,2026-01-12 12:00:00,CMP005,EAST,1307,growth_marketing
B-CMP005-2026-01-12-WEST,2026-01-12 12:00:00,cmp005,WEST,1019,brand_team
B-CMP005-2026-01-13-NORTH,2026-01-13 12:00:00,Cmp005,NORTH,1189,growth_marketing
B-CMP005-2026-01-13-SOUTH,2026-01-13 12:00:00,CMP005,SOUTH,532,brand_team
B-CMP005-2026-01-13-EAST,2026-01-13 12:00:00,CMP005,EAST,1270,finance_ops
B-CMP005-2026-01-13-WEST,2026-01-13 12:00:00,cmp005,WEST,1349,finance_ops
B-CMP005-2026-01-14-NORTH,2026-01-14 12:00:00,cmp005,NORTH,1376,brand_team
B-CMP005-2026-01-14-SOUTH,2026-01-14 12:00:00,Cmp005,SOUTH,1162,growth_marketing
B-CMP005-2026-01-14-EAST,2026-01-14 12:00:00,Cmp005,EAST,953,brand_team
B-CMP005-2026-01-14-WEST,2026-01-14 12:00:00,Cmp005,WEST,1328,finance_ops
B-CMP006-2026-01-05-NORTH,2026-01-05 12:00:00,Cmp006,NORTH,537,finance_ops
B-CMP006-2026-01-05-SOUTH,2026-01-05 12:00:00,Cmp006,SOUTH,1297,growth_marketing
B-CMP006-2026-01-05-EAST,2026-01-05 12:00:00,Cmp006,EAST,555,finance_ops
B-CMP006-2026-01-05-WEST,2026-01-05 12:00:00,Cmp006,WEST,1207,finance_ops
B-CMP006-2026-01-06-NORTH,2026-01-06 12:00:00,Cmp006,NORTH,501,growth_marketing
B-CMP006-2026-01-06-SOUTH,2026-01-06 12:00:00,Cmp006,SOUTH,916,finance_ops
B-CMP006-2026-01-06-EAST,2026-01-06 12:00:00,Cmp006,EAST,1425,brand_team
B-CMP006-2026-01-06-WEST,2026-01-06 12:00:00,CMP006,WEST,655,brand_team
B-CMP006-2026-01-07-NORTH,2026-01-07 12:00:00,Cmp006,NORTH,1379,brand_team
B-CMP006-2026-01-07-SOUTH,2026-01-07 12:00:00,cmp006,SOUTH,534,brand_team
B-CMP006-2026-01-07-EAST,2026-01-07 12:00:00,cmp006,EAST,1455,finance_ops
B-CMP006-2026-01-07-WEST,2026-01-07 12:00:00,Cmp006,WEST,1296,growth_marketing
B-CMP006-2026-01-08-NORTH,2026-01-08 12:00:00,Cmp006,NORTH,884,growth_marketing
B-CMP006-2026-01-08-SOUTH,2026-01-08 12:00:00,Cmp006,SOUTH,1348,brand_team
B-CMP006-2026-01-08-EAST,2026-01-08 12:00:00,cmp006,EAST,1454,brand_team
B-CMP006-2026-01-08-WEST,2026-01-08 12:00:00,Cmp006,WEST,1116,brand_team
B-CMP006-2026-01-09-NORTH,2026-01-09 12:00:00,cmp006,NORTH,364,growth_marketing
B-CMP006-2026-01-09-SOUTH,2026-01-09 12:00:00,Cmp006,SOUTH,1049,growth_marketing
B-CMP006-2026-01-09-EAST,2026-01-09 12:00:00,Cmp006,EAST,1268,growth_marketing
B-CMP006-2026-01-09-WEST,2026-01-09 12:00:00,Cmp006,WEST,895,brand_team
B-CMP006-2026-01-10-NORTH,2026-01-10 12:00:00,cmp006,NORTH,1373,finance_ops
B-CMP006-2026-01-10-SOUTH,2026-01-10 12:00:00,cmp006,SOUTH,850,finance_ops
B-CMP006-2026-01-10-EAST,2026-01-10 12:00:00,cmp006,EAST,507,growth_marketing
B-CMP006-2026-01-10-WEST,2026-01-10 12:00:00,Cmp006,WEST,864,growth_marketing
B-CMP006-2026-01-11-NORTH,2026-01-11 12:00:00,Cmp006,NORTH,840,finance_ops
B-CMP006-2026-01-11-SOUTH,2026-01-11 12:00:00,CMP006,SOUTH,343,growth_marketing
B-CMP006-2026-01-11-EAST,2026-01-11 12:00:00,CMP006,EAST,328,growth_marketing
B-CMP006-2026-01-11-WEST,2026-01-11 12:00:00,cmp006,WEST,783,growth_marketing
B-CMP006-2026-01-12-NORTH,2026-01-12 12:00:00,CMP006,NORTH,991,growth_marketing
B-CMP006-2026-01-12-SOUTH,2026-01-12 12:00:00,Cmp006,SOUTH,371,finance_ops
B-CMP006-2026-01-12-EAST,2026-01-12 12:00:00,Cmp006,EAST,1284,finance_ops
B-CMP006-2026-01-12-WEST,2026-01-12 12:00:00,cmp006,WEST,544,growth_marketing
B-CMP006-2026-01-13-NORTH,2026-01-13 12:00:00,cmp006,NORTH,397,finance_ops
B-CMP006-2026-01-13-SOUTH,2026-01-13 12:00:00,CMP006,SOUTH,1096,finance_ops
B-CMP006-2026-01-13-EAST,2026-01-13 12:00:00,Cmp006,EAST,805,growth_marketing
B-CMP006-2026-01-13-WEST,2026-01-13 12:00:00,Cmp006,WEST,1444,growth_marketing
B-CMP006-2026-01-14-NORTH,2026-01-14 12:00:00,cmp006,NORTH,1459,finance_ops
B-CMP006-2026-01-14-SOUTH,2026-01-14 12:00:00,Cmp006,SOUTH,1402,finance_ops
B-CMP006-2026-01-14-EAST,2026-01-14 12:00:00,cmp006,EAST,846,finance_ops
B-CMP006-2026-01-14-WEST,2026-01-14 12:00:00,Cmp006,WEST,1146,brand_team
B-CMP007-2026-01-05-NORTH,2026-01-05 12:00:00,Cmp007,NORTH,649,finance_ops
B-CMP007-2026-01-05-SOUTH,2026-01-05 12:00:00,Cmp007,SOUTH,1311,brand_team
B-CMP007-2026-01-05-EAST,2026-01-05 12:00:00,Cmp007,EAST,1126,brand_team
B-CMP007-2026-01-05-WEST,2026-01-05 12:00:00,Cmp007,WEST,1047,finance_ops
B-CMP007-2026-01-06-NORTH,2026-01-06 12:00:00,cmp007,NORTH,887,growth_marketing
B-CMP007-2026-01-06-SOUTH,2026-01-06 12:00:00,Cmp007,SOUTH,987,brand_team
B-CMP007-2026-01-06-EAST,2026-01-06 12:00:00,Cmp007,EAST,730,brand_team
B-CMP007-2026-01-06-WEST,2026-01-06 12:00:00,Cmp007,WEST,670,brand_team
B-CMP007-2026-01-07-NORTH,2026-01-07 12:00:00,Cmp007,NORTH,734,growth_marketing
B-CMP007-2026-01-07-SOUTH,2026-01-07 12:00:00,cmp007,SOUTH,335,growth_marketing
B-CMP007-2026-01-07-EAST,2026-01-07 12:00:00,Cmp007,EAST,1262,growth_marketing
B-CMP007-2026-01-07-WEST,2026-01-07 12:00:00,Cmp007,WEST,772,growth_marketing
B-CMP007-2026-01-08-NORTH,2026-01-08 12:00:00,CMP007,NORTH,1382,growth_marketing
B-CMP007-2026-01-08-SOUTH,2026-01-08 12:00:00,cmp007,SOUTH,394,growth_marketing
B-CMP007-2026-01-08-EAST,2026-01-08 12:00:00,Cmp007,EAST,1109,finance_ops
B-CMP007-2026-01-08-WEST,2026-01-08 12:00:00,Cmp007,WEST,1353,finance_ops
B-CMP007-2026-01-09-NORTH,2026-01-09 12:00:00,Cmp007,NORTH,944,finance_ops
B-CMP007-2026-01-09-SOUTH,2026-01-09 12:00:00,cmp007,SOUTH,872,brand_team
B-CMP007-2026-01-09-EAST,2026-01-09 12:00:00,cmp007,EAST,844,brand_team
B-CMP007-2026-01-09-WEST,2026-01-09 12:00:00,cmp007,WEST,738,brand_team
B-CMP007-2026-01-10-NORTH,2026-01-10 12:00:00,Cmp007,NORTH,350,growth_marketing
B-CMP007-2026-01-10-SOUTH,2026-01-10 12:00:00,Cmp007,SOUTH,520,finance_ops
B-CMP007-2026-01-10-EAST,2026-01-10 12:00:00,cmp007,EAST,1214,finance_ops
B-CMP007-2026-01-10-WEST,2026-01-10 12:00:00,cmp007,WEST,376,growth_marketing
B-CMP007-2026-01-11-NORTH,2026-01-11 12:00:00,Cmp007,NORTH,1157,brand_team
B-CMP007-2026-01-11-SOUTH,2026-01-11 12:00:00,cmp007,SOUTH,1128,brand_team
B-CMP007-2026-01-11-EAST,2026-01-11 12:00:00,Cmp007,EAST,829,brand_team
B-CMP007-2026-01-11-WEST,2026-01-11 12:00:00,Cmp007,WEST,377,finance_ops
B-CMP007-2026-01-12-NORTH,2026-01-12 12:00:00,Cmp007,NORTH,1286,growth_marketing
B-CMP007-2026-01-12-SOUTH,2026-01-12 12:00:00,cmp007,SOUTH,1127,brand_team
B-CMP007-2026-01-12-EAST,2026-01-12 12:00:00,CMP007,EAST,887,growth_marketing
B-CMP007-2026-01-12-WEST,2026-01-12 12:00:00,Cmp007,WEST,583,growth_marketing
B-CMP007-2026-01-13-NORTH,2026-01-13 12:00:00,CMP007,NORTH,572,growth_marketing
B-CMP007-2026-01-13-SOUTH,2026-01-13 12:00:00,Cmp007,SOUTH,487,growth_marketing
B-CMP007-2026-01-13-EAST,2026-01-13 12:00:00,cmp007,EAST,900,brand_team
B-CMP007-2026-01-13-WEST,2026-01-13 12:00:00,CMP007,WEST,304,brand_team
B-CMP007-2026-01-14-NORTH,2026-01-14 12:00:00,cmp007,NORTH,867,brand_team
B-CMP007-2026-01-14-SOUTH,2026-01-14 12:00:00,cmp007,SOUTH,1466,growth_marketing
B-CMP007-2026-01-14-EAST,2026-01-14 12:00:00,CMP007,EAST,556,brand_team
B-CMP007-2026-01-14-WEST,2026-01-14 12:00:00,Cmp007,WEST,1211,finance_ops
B-CMP008-2026-01-05-NORTH,2026-01-05 12:00:00,CMP008,NORTH,1427,growth_marketing
B-CMP008-2026-01-05-SOUTH,2026-01-05 12:00:00,Cmp008,SOUTH,1019,brand_team
B-CMP008-2026-01-05-EAST,2026-01-05 12:00:00,Cmp008,EAST,1106,growth_marketing
B-CMP008-2026-01-05-WEST,2026-01-05 12:00:00,Cmp008,WEST,846,finance_ops
B-CMP008-2026-01-06-NORTH,2026-01-06 12:00:00,Cmp008,NORTH,643,finance_ops
B-CMP008-2026-01-06-SOUTH,2026-01-06 12:00:00,Cmp008,SOUTH,885,finance_ops
B-CMP008-2026-01-06-EAST,2026-01-06 12:00:00,cmp008,EAST,731,finance_ops
B-CMP008-2026-01-06-WEST,2026-01-06 12:00:00,cmp008,WEST,1036,brand_team
B-CMP008-2026-01-07-NORTH,2026-01-07 12:00:00,cmp008,NORTH,721,brand_team
B-CMP008-2026-01-07-SOUTH,2026-01-07 12:00:00,cmp008,SOUTH,1366,finance_ops
B-CMP008-2026-01-07-EAST,2026-01-07 12:00:00,CMP008,EAST,901,growth_marketing
B-CMP008-2026-01-07-WEST,2026-01-07 12:00:00,Cmp008,WEST,608,brand_team
B-CMP008-2026-01-08-NORTH,2026-01-08 12:00:00,Cmp008,NORTH,1247,growth_marketing
B-CMP008-2026-01-08-SOUTH,2026-01-08 12:00:00,Cmp008,SOUTH,683,brand_team
B-CMP008-2026-01-08-EAST,2026-01-08 12:00:00,Cmp008,EAST,887,finance_ops
B-CMP008-2026-01-08-WEST,2026-01-08 12:00:00,CMP008,WEST,445,growth_marketing
B-CMP008-2026-01-09-NORTH,2026-01-09 12:00:00,cmp008,NORTH,506,brand_team
B-CMP008-2026-01-09-SOUTH,2026-01-09 12:00:00,cmp008,SOUTH,923,growth_marketing
B-CMP008-2026-01-09-EAST,2026-01-09 12:00:00,Cmp008,EAST,1041,finance_ops
B-CMP008-2026-01-09-WEST,2026-01-09 12:00:00,cmp008,WEST,1290,finance_ops
B-CMP008-2026-01-10-NORTH,2026-01-10 12:00:00,Cmp008,NORTH,853,brand_team
B-CMP008-2026-01-10-SOUTH,2026-01-10 12:00:00,CMP008,SOUTH,1430,brand_team
B-CMP008-2026-01-10-EAST,2026-01-10 12:00:00,Cmp008,EAST,860,brand_team
B-CMP008-2026-01-10-WEST,2026-01-10 12:00:00,Cmp008,WEST,1198,brand_team
B-CMP008-2026-01-11-NORTH,2026-01-11 12:00:00,cmp008,NORTH,1269,brand_team
B-CMP008-2026-01-11-SOUTH,2026-01-11 12:00:00,CMP008,SOUTH,483,growth_marketing
B-CMP008-2026-01-11-EAST,2026-01-11 12:00:00,Cmp008,EAST,1262,brand_team
B-CMP008-2026-01-11-WEST,2026-01-11 12:00:00,Cmp008,WEST,1269,finance_ops
B-CMP008-2026-01-12-NORTH,2026-01-12 12:00:00,Cmp008,NORTH,1256,finance_ops
B-CMP008-2026-01-12-SOUTH,2026-01-12 12:00:00,Cmp008,SOUTH,1042,finance_ops
B-CMP008-2026-01-12-EAST,2026-01-12 12:00:00,Cmp008,EAST,1114,brand_team
B-CMP008-2026-01-12-WEST,2026-01-12 12:00:00,CMP008,WEST,1406,brand_team
B-CMP008-2026-01-13-NORTH,2026-01-13 12:00:00,cmp008,NORTH,963,brand_team
B-CMP008-2026-01-13-SOUTH,2026-01-13 12:00:00,Cmp008,SOUTH,715,brand_team
B-CMP008-2026-01-13-EAST,2026-01-13 12:00:00,Cmp008,EAST,629,finance_ops
B-CMP008-2026-01-13-WEST,2026-01-13 12:00:00,Cmp008,WEST,359,growth_marketing
B-CMP008-2026-01-14-NORTH,2026-01-14 12:00:00,Cmp008,NORTH,894,brand_team
B-CMP008-2026-01-14-SOUTH,2026-01-14 12:00:00,Cmp008,SOUTH,1224,brand_team
B-CMP008-2026-01-14-EAST,2026-01-14 12:00:00,Cmp008,EAST,442,brand_team
B-CMP008-2026-01-14-WEST,2026-01-14 12:00:00,cmp008,WEST,957,brand_team
B-CMP009-2026-01-05-NORTH,2026-01-05 12:00:00,Cmp009,NORTH,800,growth_marketing
B-CMP009-2026-01-05-SOUTH,2026-01-05 12:00:00,Cmp009,SOUTH,418,growth_marketing
B-CMP009-2026-01-05-EAST,2026-01-05 12:00:00,Cmp009,EAST,530,brand_team
B-CMP009-2026-01-05-WEST,2026-01-05 12:00:00,CMP009,WEST,1188,finance_ops
B-CMP009-2026-01-06-NORTH,2026-01-06 12:00:00,Cmp009,NORTH,1325,growth_marketing
B-CMP009-2026-01-06-SOUTH,2026-01-06 12:00:00,Cmp009,SOUTH,1098,growth_marketing
B-CMP009-2026-01-06-EAST,2026-01-06 12:00:00,Cmp009,EAST,752,growth_marketing
B-CMP009-2026-01-06-WEST,2026-01-06 12:00:00,Cmp009,WEST,659,growth_marketing
B-CMP009-2026-01-07-NORTH,2026-01-07 12:00:00,Cmp009,NORTH,507,growth_marketing
B-CMP009-2026-01-07-SOUTH,2026-01-07 12:00:00,Cmp009,SOUTH,1188,brand_team
B-CMP009-2026-01-07-EAST,2026-01-07 12:00:00,Cmp009,EAST,755,growth_marketing
B-CMP009-2026-01-07-WEST,2026-01-07 12:00:00,cmp009,WEST,1138,brand_team
B-CMP009-2026-01-08-NORTH,2026-01-08 12:00:00,Cmp009,NORTH,1141,growth_marketing
B-CMP009-2026-01-08-SOUTH,2026-01-08 12:00:00,CMP009,SOUTH,765,brand_team
B-CMP009-2026-01-08-EAST,2026-01-08 12:00:00,Cmp009,EAST,1104,growth_marketing
B-CMP009-2026-01-08-WEST,2026-01-08 12:00:00,cmp009,WEST,1440,finance_ops
B-CMP009-2026-01-09-NORTH,2026-01-09 12:00:00,Cmp009,NORTH,1294,growth_marketing
B-CMP009-2026-01-09-SOUTH,2026-01-09 12:00:00,Cmp009,SOUTH,1401,growth_marketing
B-CMP009-2026-01-09-EAST,2026-01-09 12:00:00,cmp009,EAST,1472,brand_team
B-CMP009-2026-01-09-WEST,2026-01-09 12:00:00,Cmp009,WEST,752,finance_ops
B-CMP009-2026-01-10-NORTH,2026-01-10 12:00:00,cmp009,NORTH,499,finance_ops
B-CMP009-2026-01-10-SOUTH,2026-01-10 12:00:00,cmp009,SOUTH,416,brand_team
B-CMP009-2026-01-10-EAST,2026-01-10 12:00:00,cmp009,EAST,1400,growth_marketing
B-CMP009-2026-01-10-WEST,2026-01-10 12:00:00,Cmp009,WEST,1288,brand_team
B-CMP009-2026-01-11-NORTH,2026-01-11 12:00:00,Cmp009,NORTH,872,finance_ops
B-CMP009-2026-01-11-SOUTH,2026-01-11 12:00:00,Cmp009,SOUTH,1088,finance_ops
B-CMP009-2026-01-11-EAST,2026-01-11 12:00:00,Cmp009,EAST,725,finance_ops
B-CMP009-2026-01-11-WEST,2026-01-11 12:00:00,cmp009,WEST,1272,brand_team
B-CMP009-2026-01-12-NORTH,2026-01-12 12:00:00,CMP009,NORTH,1268,growth_marketing
B-CMP009-2026-01-12-SOUTH,2026-01-12 12:00:00,Cmp009,SOUTH,1217,finance_ops
B-CMP009-2026-01-12-EAST,2026-01-12 12:00:00,Cmp009,EAST,444,brand_team
B-CMP009-2026-01-12-WEST,2026-01-12 12:00:00,Cmp009,WEST,785,growth_marketing
B-CMP009-2026-01-13-NORTH,2026-01-13 12:00:00,cmp009,NORTH,1169,brand_team
B-CMP009-2026-01-13-SOUTH,2026-01-13 12:00:00,cmp009,SOUTH,1237,finance_ops
B-CMP009-2026-01-13-EAST,2026-01-13 12:00:00,Cmp009,EAST,871,brand_team
B-CMP009-2026-01-13-WEST,2026-01-13 12:00:00,cmp009,WEST,695,brand_team
B-CMP009-2026-01-14-NORTH,2026-01-14 12:00:00,Cmp009,NORTH,1339,growth_marketing
B-CMP009-2026-01-14-SOUTH,2026-01-14 12:00:00,Cmp009,SOUTH,748,growth_marketing
B-CMP009-2026-01-14-EAST,2026-01-14 12:00:00,Cmp009,EAST,733,brand_team
B-CMP009-2026-01-14-WEST,2026-01-14 12:00:00,cmp009,WEST,1289,finance_ops
B-CMP010-2026-01-05-NORTH,2026-01-05 12:00:00,Cmp010,NORTH,779,growth_marketing
B-CMP010-2026-01-05-SOUTH,2026-01-05 12:00:00,cmp010,SOUTH,1173,finance_ops
B-CMP010-2026-01-05-EAST,2026-01-05 12:00:00,cmp010,EAST,1172,growth_marketing
B-CMP010-2026-01-05-WEST,2026-01-05 12:00:00,cmp010,WEST,1023,growth_marketing
B-CMP010-2026-01-06-NORTH,2026-01-06 12:00:00,Cmp010,NORTH,486,finance_ops
B-CMP010-2026-01-06-SOUTH,2026-01-06 12:00:00,Cmp010,SOUTH,1484,brand_team
B-CMP010-2026-01-06-EAST,2026-01-06 12:00:00,Cmp010,EAST,892,growth_marketing
B-CMP010-2026-01-06-WEST,2026-01-06 12:00:00,CMP010,WEST,651,brand_team
B-CMP010-2026-01-07-NORTH,2026-01-07 12:00:00,Cmp010,NORTH,911,brand_team
B-CMP010-2026-01-07-SOUTH,2026-01-07 12:00:00,cmp010,SOUTH,384,finance_ops
B-CMP010-2026-01-07-EAST,2026-01-07 12:00:00,Cmp010,EAST,538,brand_team
B-CMP010-2026-01-07-WEST,2026-01-07 12:00:00,Cmp010,WEST,341,growth_marketing
B-CMP010-2026-01-08-NORTH,2026-01-08 12:00:00,Cmp010,NORTH,488,brand_team
B-CMP010-2026-01-08-SOUTH,2026-01-08 12:00:00,cmp010,SOUTH,1046,growth_marketing
B-CMP010-2026-01-08-EAST,2026-01-08 12:00:00,Cmp010,EAST,968,brand_team
B-CMP010-2026-01-08-WEST,2026-01-08 12:00:00,CMP010,WEST,1171,finance_ops
B-CMP010-2026-01-09-NORTH,2026-01-09 12:00:00,Cmp010,NORTH,1343,growth_marketing
B-CMP010-2026-01-09-SOUTH,2026-01-09 12:00:00,Cmp010,SOUTH,1214,growth_marketing
B-CMP010-2026-01-09-EAST,2026-01-09 12:00:00,cmp010,EAST,422,growth_marketing
B-CMP010-2026-01-09-WEST,2026-01-09 12:00:00,Cmp010,WEST,962,brand_team
B-CMP010-2026-01-10-NORTH,2026-01-10 12:00:00,cmp010,NORTH,493,finance_ops
B-CMP010-2026-01-10-SOUTH,2026-01-10 12:00:00,Cmp010,SOUTH,317,growth_marketing
B-CMP010-2026-01-10-EAST,2026-01-10 12:00:00,CMP010,EAST,1109,brand_team
B-CMP010-2026-01-10-WEST,2026-01-10 12:00:00,Cmp010,WEST,909,growth_marketing
B-CMP010-2026-01-11-NORTH,2026-01-11 12:00:00,Cmp010,NORTH,1022,brand_team
B-CMP010-2026-01-11-SOUTH,2026-01-11 12:00:00,CMP010,SOUTH,1369,finance_ops
B-CMP010-2026-01-11-EAST,2026-01-11 12:00:00,Cmp010,EAST,1102,finance_ops
B-CMP010-2026-01-11-WEST,2026-01-11 12:00:00,Cmp010,WEST,383,brand_team
B-CMP010-2026-01-12-NORTH,2026-01-12 12:00:00,Cmp010,NORTH,754,finance_ops
B-CMP010-2026-01-12-SOUTH,2026-01-12 12:00:00,Cmp010,SOUTH,465,growth_marketing
B-CMP010-2026-01-12-EAST,2026-01-12 12:00:00,cmp010,EAST,693,finance_ops
B-CMP010-2026-01-12-WEST,2026-01-12 12:00:00,Cmp010,WEST,659,growth_marketing
B-CMP010-2026-01-13-NORTH,2026-01-13 12:00:00,cmp010,NORTH,1285,growth_marketing
B-CMP010-2026-01-13-SOUTH,2026-01-13 12:00:00,cmp010,SOUTH,1244,growth_marketing
B-CMP010-2026-01-13-EAST,2026-01-13 12:00:00,cmp010,EAST,919,growth_marketing
B-CMP010-2026-01-13-WEST,2026-01-13 12:00:00,Cmp010,WEST,1476,growth_marketing
B-CMP010-2026-01-14-NORTH,2026-01-14 12:00:00,Cmp010,NORTH,982,growth_marketing
B-CMP010-2026-01-14-SOUTH,2026-01-14 12:00:00,Cmp010,SOUTH,824,growth_marketing
B-CMP010-2026-01-14-EAST,2026-01-14 12:00:00,Cmp010,EAST,998,brand_team
B-CMP010-2026-01-14-WEST,2026-01-14 12:00:00,Cmp010,WEST,1196,brand_team
B-CMP011-2026-01-05-NORTH,2026-01-05 12:00:00,Cmp011,NORTH,1132,brand_team
B-CMP011-2026-01-05-SOUTH,2026-01-05 12:00:00,Cmp011,SOUTH,752,finance_ops
B-CMP011-2026-01-05-EAST,2026-01-05 12:00:00,Cmp011,EAST,600,growth_marketing
B-CMP011-2026-01-05-WEST,2026-01-05 12:00:00,Cmp011,WEST,419,growth_marketing
B-CMP011-2026-01-06-NORTH,2026-01-06 12:00:00,Cmp011,NORTH,433,growth_marketing
B-CMP011-2026-01-06-SOUTH,2026-01-06 12:00:00,cmp011,SOUTH,1105,brand_team
B-CMP011-2026-01-06-EAST,2026-01-06 12:00:00,Cmp011,EAST,732,brand_team
B-CMP011-2026-01-06-WEST,2026-01-06 12:00:00,Cmp011,WEST,799,brand_team
B-CMP011-2026-01-07-NORTH,2026-01-07 12:00:00,CMP011,NORTH,1339,finance_ops
B-CMP011-2026-01-07-SOUTH,2026-01-07 12:00:00,Cmp011,SOUTH,1143,brand_team
B-CMP011-2026-01-07-EAST,2026-01-07 12:00:00,Cmp011,EAST,774,brand_team
B-CMP011-2026-01-07-WEST,2026-01-07 12:00:00,cmp011,WEST,364,brand_team
B-CMP011-2026-01-08-NORTH,2026-01-08 12:00:00,cmp011,NORTH,326,finance_ops
B-CMP011-2026-01-08-SOUTH,2026-01-08 12:00:00,CMP011,SOUTH,572,finance_ops
B-CMP011-2026-01-08-EAST,2026-01-08 12:00:00,Cmp011,EAST,314,growth_marketing
B-CMP011-2026-01-08-WEST,2026-01-08 12:00:00,Cmp011,WEST,689,finance_ops
B-CMP011-2026-01-09-NORTH,2026-01-09 12:00:00,cmp011,NORTH,1172,brand_team
B-CMP011-2026-01-09-SOUTH,2026-01-09 12:00:00,Cmp011,SOUTH,756,growth_marketing
B-CMP011-2026-01-09-EAST,2026-01-09 12:00:00,cmp011,EAST,563,finance_ops
B-CMP011-2026-01-09-WEST,2026-01-09 12:00:00,Cmp011,WEST,606,brand_team
B-CMP011-2026-01-10-NORTH,2026-01-10 12:00:00,Cmp011,NORTH,779,growth_marketing
B-CMP011-2026-01-10-SOUTH,2026-01-10 12:00:00,Cmp011,SOUTH,1154,brand_team
B-CMP011-2026-01-10-EAST,2026-01-10 12:00:00,Cmp011,EAST,1272,brand_team
B-CMP011-2026-01-10-WEST,2026-01-10 12:00:00,Cmp011,WEST,561,brand_team
B-CMP011-2026-01-11-NORTH,2026-01-11 12:00:00,Cmp011,NORTH,933,growth_marketing
B-CMP011-2026-01-11-SOUTH,2026-01-11 12:00:00,Cmp011,SOUTH,1481,finance_ops
B-CMP011-2026-01-11-EAST,2026-01-11 12:00:00,Cmp011,EAST,821,brand_team
B-CMP011-2026-01-11-WEST,2026-01-11 12:00:00,Cmp011,WEST,405,brand_team
B-CMP011-2026-01-12-NORTH,2026-01-12 12:00:00,cmp011,NORTH,1262,finance_ops
B-CMP011-2026-01-12-SOUTH,2026-01-12 12:00:00,Cmp011,SOUTH,1011,brand_team
B-CMP011-2026-01-12-EAST,2026-01-12 12:00:00,cmp011,EAST,505,growth_marketing
B-CMP011-2026-01-12-WEST,2026-01-12 12:00:00,Cmp011,WEST,1007,growth_marketing
B-CMP011-2026-01-13-NORTH,2026-01-13 12:00:00,Cmp011,NORTH,1390,finance_ops
B-CMP011-2026-01-13-SOUTH,2026-01-13 12:00:00,Cmp011,SOUTH,719,finance_ops
B-CMP011-2026-01-13-EAST,2026-01-13 12:00:00,Cmp011,EAST,1011,brand_team
B-CMP011-2026-01-13-WEST,2026-01-13 12:00:00,cmp011,WEST,1356,brand_team
B-CMP011-2026-01-14-NORTH,2026-01-14 12:00:00,Cmp011,NORTH,715,brand_team
B-CMP011-2026-01-14-SOUTH,2026-01-14 12:00:00,Cmp011,SOUTH,1123,growth_marketing
B-CMP011-2026-01-14-EAST,2026-01-14 12:00:00,Cmp011,EAST,585,brand_team
B-CMP011-2026-01-14-WEST,2026-01-14 12:00:00,Cmp011,WEST,499,finance_ops
B-CMP012-2026-01-05-NORTH,2026-01-05 12:00:00,cmp012,NORTH,1040,brand_team
B-CMP012-2026-01-05-SOUTH,2026-01-05 12:00:00,cmp012,SOUTH,732,brand_team
B-CMP012-2026-01-05-EAST,2026-01-05 12:00:00,Cmp012,EAST,1229,growth_marketing
B-CMP012-2026-01-05-WEST,2026-01-05 12:00:00,Cmp012,WEST,1400,brand_team
B-CMP012-2026-01-06-NORTH,2026-01-06 12:00:00,Cmp012,NORTH,1358,finance_ops
B-CMP012-2026-01-06-SOUTH,2026-01-06 12:00:00,Cmp012,SOUTH,680,growth_marketing
B-CMP012-2026-01-06-EAST,2026-01-06 12:00:00,CMP012,EAST,852,brand_team
B-CMP012-2026-01-06-WEST,2026-01-06 12:00:00,cmp012,WEST,453,growth_marketing
B-CMP012-2026-01-07-NORTH,2026-01-07 12:00:00,Cmp012,NORTH,1237,brand_team
B-CMP012-2026-01-07-SOUTH,2026-01-07 12:00:00,Cmp012,SOUTH,1101,finance_ops
B-CMP012-2026-01-07-EAST,2026-01-07 12:00:00,cmp012,EAST,549,finance_ops
B-CMP012-2026-01-07-WEST,2026-01-07 12:00:00,Cmp012,WEST,1032,growth_marketing
B-CMP012-2026-01-08-NORTH,2026-01-08 12:00:00,cmp012,NORTH,1098,finance_ops
B-CMP012-2026-01-08-SOUTH,2026-01-08 12:00:00,cmp012,SOUTH,1048,finance_ops
B-CMP012-2026-01-08-EAST,2026-01-08 12:00:00,cmp012,EAST,531,growth_marketing
B-CMP012-2026-01-08-WEST,2026-01-08 12:00:00,Cmp012,WEST,1330,growth_marketing
B-CMP012-2026-01-09-NORTH,2026-01-09 12:00:00,Cmp012,NORTH,1054,brand_team
B-CMP012-2026-01-09-SOUTH,2026-01-09 12:00:00,Cmp012,SOUTH,517,growth_marketing
B-CMP012-2026-01-09-EAST,2026-01-09 12:00:00,Cmp012,EAST,477,growth_marketing
B-CMP012-2026-01-09-WEST,2026-01-09 12:00:00,Cmp012,WEST,1122,brand_team
B-CMP012-2026-01-10-NORTH,2026-01-10 12:00:00,Cmp012,NORTH,616,brand_team
B-CMP012-2026-01-10-SOUTH,2026-01-10 12:00:00,Cmp012,SOUTH,713,growth_marketing
B-CMP012-2026-01-10-EAST,2026-01-10 12:00:00,cmp012,EAST,733,growth_marketing
B-CMP012-2026-01-10-WEST,2026-01-10 12:00:00,cmp012,WEST,1066,finance_ops
B-CMP012-2026-01-11-NORTH,2026-01-11 12:00:00,cmp012,NORTH,773,finance_ops
B-CMP012-2026-01-11-SOUTH,2026-01-11 12:00:00,Cmp012,SOUTH,411,brand_team
B-CMP012-2026-01-11-EAST,2026-01-11 12:00:00,Cmp012,EAST,1040,brand_team
B-CMP012-2026-01-11-WEST,2026-01-11 12:00:00,cmp012,WEST,424,growth_marketing
B-CMP012-2026-01-12-NORTH,2026-01-12 12:00:00,Cmp012,NORTH,1138,finance_ops
B-CMP012-2026-01-12-SOUTH,2026-01-12 12:00:00,Cmp012,SOUTH,518,brand_team
B-CMP012-2026-01-12-EAST,2026-01-12 12:00:00,cmp012,EAST,543,finance_ops
B-CMP012-2026-01-12-WEST,2026-01-12 12:00:00,Cmp012,WEST,1115,brand_team
B-CMP012-2026-01-13-NORTH,2026-01-13 12:00:00,cmp012,NORTH,450,growth_marketing
B-CMP012-2026-01-13-SOUTH,2026-01-13 12:00:00,CMP012,SOUTH,504,growth_marketing
B-CMP012-2026-01-13-EAST,2026-01-13 12:00:00,Cmp012,EAST,1228,growth_marketing
B-CMP012-2026-01-13-WEST,2026-01-13 12:00:00,Cmp012,WEST,1076,growth_marketing
B-CMP012-2026-01-14-NORTH,2026-01-14 12:00:00,Cmp012,NORTH,1099,finance_ops
B-CMP012-2026-01-14-SOUTH,2026-01-14 12:00:00,cmp012,SOUTH,1431,growth_marketing
B-CMP012-2026-01-14-EAST,2026-01-14 12:00:00,cmp012,EAST,1297,finance_ops
B-CMP012-2026-01-14-WEST,2026-01-14 12:00:00,Cmp012,WEST,982,brand_team
B-CMP013-2026-01-05-NORTH,2026-01-05 12:00:00,Cmp013,NORTH,1230,growth_marketing
B-CMP013-2026-01-05-SOUTH,2026-01-05 12:00:00,Cmp013,SOUTH,592,growth_marketing
B-CMP013-2026-01-05-EAST,2026-01-05 12:00:00,Cmp013,EAST,1001,growth_marketing
B-CMP013-2026-01-05-WEST,2026-01-05 12:00:00,cmp013,WEST,467,finance_ops
B-CMP013-2026-01-06-NORTH,2026-01-06 12:00:00,Cmp013,NORTH,1302,growth_marketing
B-CMP013-2026-01-06-SOUTH,2026-01-06 12:00:00,cmp013,SOUTH,761,growth_marketing
B-CMP013-2026-01-06-EAST,2026-01-06 12:00:00,Cmp013,EAST,368,growth_marketing
B-CMP013-2026-01-06-WEST,2026-01-06 12:00:00,Cmp013,WEST,519,brand_team
B-CMP013-2026-01-07-NORTH,2026-01-07 12:00:00,Cmp013,NORTH,858,finance_ops
B-CMP013-2026-01-07-SOUTH,2026-01-07 12:00:00,cmp013,SOUTH,1399,finance_ops
B-CMP013-2026-01-07-EAST,2026-01-07 12:00:00,Cmp013,EAST,636,finance_ops
B-CMP013-2026-01-07-WEST,2026-01-07 12:00:00,cmp013,WEST,653,finance_ops
B-CMP013-2026-01-08-NORTH,2026-01-08 12:00:00,CMP013,NORTH,1181,finance_ops
B-CMP013-2026-01-08-SOUTH,2026-01-08 12:00:00,CMP013,SOUTH,1493,brand_team
B-CMP013-2026-01-08-EAST,2026-01-08 12:00:00,Cmp013,EAST,590,growth_marketing
B-CMP013-2026-01-08-WEST,2026-01-08 12:00:00,Cmp013,WEST,1405,brand_team
B-CMP013-2026-01-09-NORTH,2026-01-09 12:00:00,Cmp013,NORTH,936,growth_marketing
B-CMP013-2026-01-09-SOUTH,2026-01-09 12:00:00,Cmp013,SOUTH,1211,growth_marketing
B-CMP013-2026-01-09-EAST,2026-01-09 12:00:00,Cmp013,EAST,687,brand_team
B-CMP013-2026-01-09-WEST,2026-01-09 12:00:00,Cmp013,WEST,1452,finance_ops
B-CMP013-2026-01-10-NORTH,2026-01-10 12:00:00,Cmp013,NORTH,1075,finance_ops
B-CMP013-2026-01-10-SOUTH,2026-01-10 12:00:00,Cmp013,SOUTH,591,finance_ops
B-CMP013-2026-01-10-EAST,2026-01-10 12:00:00,cmp013,EAST,441,finance_ops
B-CMP013-2026-01-10-WEST,2026-01-10 12:00:00,cmp013,WEST,818,brand_team
B-CMP013-2026-01-11-NORTH,2026-01-11 12:00:00,CMP013,NORTH,419,finance_ops
B-CMP013-2026-01-11-SOUTH,2026-01-11 12:00:00,cmp013,SOUTH,1315,growth_marketing
B-CMP013-2026-01-11-EAST,2026-01-11 12:00:00,CMP013,EAST,425,finance_ops
B-CMP013-2026-01-11-WEST,2026-01-11 12:00:00,cmp013,WEST,477,growth_marketing
B-CMP013-2026-01-12-NORTH,2026-01-12 12:00:00,Cmp013,NORTH,1408,growth_marketing
B-CMP013-2026-01-12-SOUTH,2026-01-12 12:00:00,cmp013,SOUTH,715,brand_team
B-CMP013-2026-01-12-EAST,2026-01-12 12:00:00,cmp013,EAST,825,finance_ops
B-CMP013-2026-01-12-WEST,2026-01-12 12:00:00,cmp013,WEST,324,finance_ops
B-CMP013-2026-01-13-NORTH,2026-01-13 12:00:00,cmp013,NORTH,1069,finance_ops
B-CMP013-2026-01-13-SOUTH,2026-01-13 12:00:00,Cmp013,SOUTH,713,growth_marketing
B-CMP013-2026-01-13-EAST,2026-01-13 12:00:00,cmp013,EAST,806,growth_marketing
B-CMP013-2026-01-13-WEST,2026-01-13 12:00:00,cmp013,WEST,642,finance_ops
B-CMP013-2026-01-14-NORTH,2026-01-14 12:00:00,Cmp013,NORTH,582,brand_team
B-CMP013-2026-01-14-SOUTH,2026-01-14 12:00:00,Cmp013,SOUTH,1089,brand_team
B-CMP013-2026-01-14-EAST,2026-01-14 12:00:00,Cmp013,EAST,1152,brand_team
B-CMP013-2026-01-14-WEST,2026-01-14 12:00:00,Cmp013,WEST,1493,brand_team
B-CMP014-2026-01-05-NORTH,2026-01-05 12:00:00,Cmp014,NORTH,809,growth_marketing
B-CMP014-2026-01-05-SOUTH,2026-01-05 12:00:00,Cmp014,SOUTH,1103,finance_ops
B-CMP014-2026-01-05-EAST,2026-01-05 12:00:00,Cmp014,EAST,652,growth_marketing
B-CMP014-2026-01-05-WEST,2026-01-05 12:00:00,cmp014,WEST,501,brand_team
B-CMP014-2026-01-06-NORTH,2026-01-06 12:00:00,cmp014,NORTH,374,brand_team
B-CMP014-2026-01-06-SOUTH,2026-01-06 12:00:00,Cmp014,SOUTH,959,finance_ops
B-CMP014-2026-01-06-EAST,2026-01-06 12:00:00,Cmp014,EAST,341,finance_ops
B-CMP014-2026-01-06-WEST,2026-01-06 12:00:00,cmp014,WEST,833,finance_ops
B-CMP014-2026-01-07-NORTH,2026-01-07 12:00:00,Cmp014,NORTH,635,growth_marketing
B-CMP014-2026-01-07-SOUTH,2026-01-07 12:00:00,Cmp014,SOUTH,957,growth_marketing
B-CMP014-2026-01-07-EAST,2026-01-07 12:00:00,Cmp014,EAST,1417,growth_marketing
B-CMP014-2026-01-07-WEST,2026-01-07 12:00:00,Cmp014,WEST,724,finance_ops
B-CMP014-2026-01-08-NORTH,2026-01-08 12:00:00,CMP014,NORTH,1175,brand_team
B-CMP014-2026-01-08-SOUTH,2026-01-08 12:00:00,cmp014,SOUTH,1232,finance_ops
B-CMP014-2026-01-08-EAST,2026-01-08 12:00:00,CMP014,EAST,900,brand_team
B-CMP014-2026-01-08-WEST,2026-01-08 12:00:00,Cmp014,WEST,558,finance_ops
B-CMP014-2026-01-09-NORTH,2026-01-09 12:00:00,cmp014,NORTH,1175,finance_ops
B-CMP014-2026-01-09-SOUTH,2026-01-09 12:00:00,Cmp014,SOUTH,349,brand_team
B-CMP014-2026-01-09-EAST,2026-01-09 12:00:00,CMP014,EAST,1057,brand_team
B-CMP014-2026-01-09-WEST,2026-01-09 12:00:00,Cmp014,WEST,1051,finance_ops
B-CMP014-2026-01-10-NORTH,2026-01-10 12:00:00,Cmp014,NORTH,793,finance_ops
B-CMP014-2026-01-10-SOUTH,2026-01-10 12:00:00,Cmp014,SOUTH,819,brand_team
B-CMP014-2026-01-10-EAST,2026-01-10 12:00:00,CMP014,EAST,1121,finance_ops
B-CMP014-2026-01-10-WEST,2026-01-10 12:00:00,Cmp014,WEST,1318,finance_ops
B-CMP014-2026-01-11-NORTH,2026-01-11 12:00:00,cmp014,NORTH,650,growth_marketing
B-CMP014-2026-01-11-SOUTH,2026-01-11 12:00:00,Cmp014,SOUTH,485,growth_marketing
B-CMP014-2026-01-11-EAST,2026-01-11 12:00:00,Cmp014,EAST,854,brand_team
B-CMP014-2026-01-11-WEST,2026-01-11 12:00:00,Cmp014,WEST,509,growth_marketing
B-CMP014-2026-01-12-NORTH,2026-01-12 12:00:00,Cmp014,NORTH,549,finance_ops
B-CMP014-2026-01-12-SOUTH,2026-01-12 12:00:00,Cmp014,SOUTH,1444,finance_ops
B-CMP014-2026-01-12-EAST,2026-01-12 12:00:00,Cmp014,EAST,525,growth_marketing
B-CMP014-2026-01-12-WEST,2026-01-12 12:00:00,cmp014,WEST,451,brand_team
B-CMP014-2026-01-13-NORTH,2026-01-13 12:00:00,Cmp014,NORTH,1451,brand_team
B-CMP014-2026-01-13-SOUTH,2026-01-13 12:00:00,Cmp014,SOUTH,1118,brand_team
B-CMP014-2026-01-13-EAST,2026-01-13 12:00:00,Cmp014,EAST,540,brand_team
B-CMP014-2026-01-13-WEST,2026-01-13 12:00:00,cmp014,WEST,675,finance_ops
B-CMP014-2026-01-14-NORTH,2026-01-14 12:00:00,cmp014,NORTH,489,finance_ops
B-CMP014-2026-01-14-SOUTH,2026-01-14 12:00:00,Cmp014,SOUTH,1161,finance_ops
B-CMP014-2026-01-14-EAST,2026-01-14 12:00:00,Cmp014,EAST,798,finance_ops
B-CMP014-2026-01-14-WEST,2026-01-14 12:00:00,cmp014,WEST,461,brand_team
B-CMP015-2026-01-05-NORTH,2026-01-05 12:00:00,Cmp015,NORTH,559,brand_team
B-CMP015-2026-01-05-SOUTH,2026-01-05 12:00:00,Cmp015,SOUTH,1362,brand_team
B-CMP015-2026-01-05-EAST,2026-01-05 12:00:00,Cmp015,EAST,1366,brand_team
B-CMP015-2026-01-05-WEST,2026-01-05 12:00:00,Cmp015,WEST,1352,brand_team
B-CMP015-2026-01-06-NORTH,2026-01-06 12:00:00,Cmp015,NORTH,576,brand_team
B-CMP015-2026-01-06-SOUTH,2026-01-06 12:00:00,Cmp015,SOUTH,1410,brand_team
B-CMP015-2026-01-06-EAST,2026-01-06 12:00:00,Cmp015,EAST,1388,brand_team
B-CMP015-2026-01-06-WEST,2026-01-06 12:00:00,Cmp015,WEST,1296,finance_ops
B-CMP015-2026-01-07-NORTH,2026-01-07 12:00:00,cmp015,NORTH,735,growth_marketing
B-CMP015-2026-01-07-SOUTH,2026-01-07 12:00:00,cmp015,SOUTH,949,brand_team
B-CMP015-2026-01-07-EAST,2026-01-07 12:00:00,Cmp015,EAST,823,finance_ops
B-CMP015-2026-01-07-WEST,2026-01-07 12:00:00,cmp015,WEST,1009,brand_team
B-CMP015-2026-01-08-NORTH,2026-01-08 12:00:00,Cmp015,NORTH,797,brand_team
B-CMP015-2026-01-08-SOUTH,2026-01-08 12:00:00,Cmp015,SOUTH,1178,brand_team
B-CMP015-2026-01-08-EAST,2026-01-08 12:00:00,cmp015,EAST,1129,growth_marketing
B-CMP015-2026-01-08-WEST,2026-01-08 12:00:00,Cmp015,WEST,916,finance_ops
B-CMP015-2026-01-09-NORTH,2026-01-09 12:00:00,Cmp015,NORTH,788,growth_marketing
B-CMP015-2026-01-09-SOUTH,2026-01-09 12:00:00,Cmp015,SOUTH,962,finance_ops
B-CMP015-2026-01-09-EAST,2026-01-09 12:00:00,Cmp015,EAST,315,finance_ops
B-CMP015-2026-01-09-WEST,2026-01-09 12:00:00,Cmp015,WEST,632,finance_ops
B-CMP015-2026-01-10-NORTH,2026-01-10 12:00:00,Cmp015,NORTH,424,brand_team
B-CMP015-2026-01-10-SOUTH,2026-01-10 12:00:00,Cmp015,SOUTH,1118,growth_marketing
B-CMP015-2026-01-10-EAST,2026-01-10 12:00:00,Cmp015,EAST,1000,growth_marketing
B-CMP015-2026-01-10-WEST,2026-01-10 12:00:00,CMP015,WEST,1347,brand_team
B-CMP015-2026-01-11-NORTH,2026-01-11 12:00:00,cmp015,NORTH,883,growth_marketing
B-CMP015-2026-01-11-SOUTH,2026-01-11 12:00:00,Cmp015,SOUTH,1085,brand_team
B-CMP015-2026-01-11-EAST,2026-01-11 12:00:00,Cmp015,EAST,1317,growth_marketing
B-CMP015-2026-01-11-WEST,2026-01-11 12:00:00,cmp015,WEST,720,growth_marketing
B-CMP015-2026-01-12-NORTH,2026-01-12 12:00:00,Cmp015,NORTH,1017,finance_ops
B-CMP015-2026-01-12-SOUTH,2026-01-12 12:00:00,cmp015,SOUTH,1108,finance_ops
B-CMP015-2026-01-12-EAST,2026-01-12 12:00:00,Cmp015,EAST,371,finance_ops
B-CMP015-2026-01-12-WEST,2026-01-12 12:00:00,cmp015,WEST,1421,growth_marketing
B-CMP015-2026-01-13-NORTH,2026-01-13 12:00:00,CMP015,NORTH,1010,brand_team
B-CMP015-2026-01-13-SOUTH,2026-01-13 12:00:00,CMP015,SOUTH,507,brand_team
B-CMP015-2026-01-13-EAST,2026-01-13 12:00:00,Cmp015,EAST,1299,finance_ops
B-CMP015-2026-01-13-WEST,2026-01-13 12:00:00,Cmp015,WEST,405,finance_ops
B-CMP015-2026-01-14-NORTH,2026-01-14 12:00:00,Cmp015,NORTH,749,brand_team
B-CMP015-2026-01-14-SOUTH,2026-01-14 12:00:00,Cmp015,SOUTH,1282,finance_ops
B-CMP015-2026-01-14-EAST,2026-01-14 12:00:00,cmp015,EAST,1074,brand_team
B-CMP015-2026-01-14-WEST,2026-01-14 12:00:00,Cmp015,WEST,1319,finance_ops
B-CMP016-2026-01-05-NORTH,2026-01-05 12:00:00,cmp016,NORTH,395,growth_marketing
B-CMP016-2026-01-05-SOUTH,2026-01-05 12:00:00,cmp016,SOUTH,497,growth_marketing
B-CMP016-2026-01-05-EAST,2026-01-05 12:00:00,cmp016,EAST,1014,finance_ops
B-CMP016-2026-01-05-WEST,2026-01-05 12:00:00,cmp016,WEST,1161,growth_marketing
B-CMP016-2026-01-06-NORTH,2026-01-06 12:00:00,cmp016,NORTH,304,finance_ops
B-CMP016-2026-01-06-SOUTH,2026-01-06 12:00:00,Cmp016,SOUTH,330,finance_ops
B-CMP016-2026-01-06-EAST,2026-01-06 12:00:00,cmp016,EAST,1304,finance_ops
B-CMP016-2026-01-06-WEST,2026-01-06 12:00:00,Cmp016,WEST,1399,brand_team
B-CMP016-2026-01-07-NORTH,2026-01-07 12:00:00,cmp016,NORTH,1182,finance_ops
B-CMP016-2026-01-07-SOUTH,2026-01-07 12:00:00,Cmp016,SOUTH,1479,growth_marketing
B-CMP016-2026-01-07-EAST,2026-01-07 12:00:00,Cmp016,EAST,370,finance_ops
B-CMP016-2026-01-07-WEST,2026-01-07 12:00:00,CMP016,WEST,948,finance_ops
B-CMP016-2026-01-08-NORTH,2026-01-08 12:00:00,cmp016,NORTH,1126,brand_team
B-CMP016-2026-01-08-SOUTH,2026-01-08 12:00:00,cmp016,SOUTH,635,finance_ops
B-CMP016-2026-01-08-EAST,2026-01-08 12:00:00,Cmp016,EAST,1064,growth_marketing
B-CMP016-2026-01-08-WEST,2026-01-08 12:00:00,CMP016,WEST,772,growth_marketing
B-CMP016-2026-01-09-NORTH,2026-01-09 12:00:00,Cmp016,NORTH,913,growth_marketing
B-CMP016-2026-01-09-SOUTH,2026-01-09 12:00:00,Cmp016,SOUTH,1431,growth_marketing
B-CMP016-2026-01-09-EAST,2026-01-09 12:00:00,cmp016,EAST,1428,finance_ops
B-CMP016-2026-01-09-WEST,2026-01-09 12:00:00,Cmp016,WEST,326,growth_marketing
B-CMP016-2026-01-10-NORTH,2026-01-10 12:00:00,Cmp016,NORTH,776,finance_ops
B-CMP016-2026-01-10-SOUTH,2026-01-10 12:00:00,CMP016,SOUTH,1006,brand_team
B-CMP016-2026-01-10-EAST,2026-01-10 12:00:00,cmp016,EAST,864,growth_marketing
B-CMP016-2026-01-10-WEST,2026-01-10 12:00:00,Cmp016,WEST,412,finance_ops
B-CMP016-2026-01-11-NORTH,2026-01-11 12:00:00,Cmp016,NORTH,327,finance_ops
B-CMP016-2026-01-11-SOUTH,2026-01-11 12:00:00,Cmp016,SOUTH,1182,growth_marketing
B-CMP016-2026-01-11-EAST,2026-01-11 12:00:00,Cmp016,EAST,958,finance_ops
B-CMP016-2026-01-11-WEST,2026-01-11 12:00:00,Cmp016,WEST,301,finance_ops
B-CMP016-2026-01-12-NORTH,2026-01-12 12:00:00,Cmp016,NORTH,679,finance_ops
B-CMP016-2026-01-12-SOUTH,2026-01-12 12:00:00,cmp016,SOUTH,1127,growth_marketing
B-CMP016-2026-01-12-EAST,2026-01-12 12:00:00,Cmp016,EAST,858,finance_ops
B-CMP016-2026-01-12-WEST,2026-01-12 12:00:00,Cmp016,WEST,641,finance_ops
B-CMP016-2026-01-13-NORTH,2026-01-13 12:00:00,Cmp016,NORTH,1249,growth_marketing
B-CMP016-2026-01-13-SOUTH,2026-01-13 12:00:00,Cmp016,SOUTH,1128,growth_marketing
B-CMP016-2026-01-13-EAST,2026-01-13 12:00:00,Cmp016,EAST,898,finance_ops
B-CMP016-2026-01-13-WEST,2026-01-13 12:00:00,Cmp016,WEST,440,growth_marketing
B-CMP016-2026-01-14-NORTH,2026-01-14 12:00:00,cmp016,NORTH,932,finance_ops
B-CMP016-2026-01-14-SOUTH,2026-01-14 12:00:00,Cmp016,SOUTH,380,finance_ops
B-CMP016-2026-01-14-EAST,2026-01-14 12:00:00,Cmp016,EAST,1200,brand_team
B-CMP016-2026-01-14-WEST,2026-01-14 12:00:00,cmp016,WEST,493,finance_ops
B-CMP017-2026-01-05-NORTH,2026-01-05 12:00:00,Cmp017,NORTH,617,brand_team
B-CMP017-2026-01-05-SOUTH,2026-01-05 12:00:00,cmp017,SOUTH,411,growth_marketing
B-CMP017-2026-01-05-EAST,2026-01-05 12:00:00,Cmp017,EAST,714,growth_marketing
B-CMP017-2026-01-05-WEST,2026-01-05 12:00:00,Cmp017,WEST,887,brand_team
B-CMP017-2026-01-06-NORTH,2026-01-06 12:00:00,Cmp017,NORTH,1354,finance_ops
B-CMP017-2026-01-06-SOUTH,2026-01-06 12:00:00,Cmp017,SOUTH,721,brand_team
B-CMP017-2026-01-06-EAST,2026-01-06 12:00:00,CMP017,EAST,453,growth_marketing
B-CMP017-2026-01-06-WEST,2026-01-06 12:00:00,Cmp017,WEST,522,growth_marketing
B-CMP017-2026-01-07-NORTH,2026-01-07 12:00:00,Cmp017,NORTH,938,brand_team
B-CMP017-2026-01-07-SOUTH,2026-01-07 12:00:00,Cmp017,SOUTH,564,brand_team
B-CMP017-2026-01-07-EAST,2026-01-07 12:00:00,cmp017,EAST,1453,brand_team
B-CMP017-2026-01-07-WEST,2026-01-07 12:00:00,cmp017,WEST,368,brand_team
B-CMP017-2026-01-08-NORTH,2026-01-08 12:00:00,cmp017,NORTH,808,brand_team
B-CMP017-2026-01-08-SOUTH,2026-01-08 12:00:00,Cmp017,SOUTH,1252,finance_ops
B-CMP017-2026-01-08-EAST,2026-01-08 12:00:00,Cmp017,EAST,737,brand_team
B-CMP017-2026-01-08-WEST,2026-01-08 12:00:00,Cmp017,WEST,1389,finance_ops
B-CMP017-2026-01-09-NORTH,2026-01-09 12:00:00,Cmp017,NORTH,641,brand_team
B-CMP017-2026-01-09-SOUTH,2026-01-09 12:00:00,CMP017,SOUTH,785,brand_team
B-CMP017-2026-01-09-EAST,2026-01-09 12:00:00,cmp017,EAST,1242,finance_ops
B-CMP017-2026-01-09-WEST,2026-01-09 12:00:00,Cmp017,WEST,519,brand_team
B-CMP017-2026-01-10-NORTH,2026-01-10 12:00:00,cmp017,NORTH,365,growth_marketing
B-CMP017-2026-01-10-SOUTH,2026-01-10 12:00:00,Cmp017,SOUTH,1457,brand_team
B-CMP017-2026-01-10-EAST,2026-01-10 12:00:00,cmp017,EAST,449,brand_team
B-CMP017-2026-01-10-WEST,2026-01-10 12:00:00,Cmp017,WEST,964,finance_ops
B-CMP017-2026-01-11-NORTH,2026-01-11 12:00:00,cmp017,NORTH,1449,growth_marketing
B-CMP017-2026-01-11-SOUTH,2026-01-11 12:00:00,cmp017,SOUTH,778,finance_ops
B-CMP017-2026-01-11-EAST,2026-01-11 12:00:00,Cmp017,EAST,1202,brand_team
B-CMP017-2026-01-11-WEST,2026-01-11 12:00:00,cmp017,WEST,600,growth_marketing
B-CMP017-2026-01-12-NORTH,2026-01-12 12:00:00,cmp017,NORTH,471,finance_ops
B-CMP017-2026-01-12-SOUTH,2026-01-12 12:00:00,Cmp017,SOUTH,613,growth_marketing
B-CMP017-2026-01-12-EAST,2026-01-12 12:00:00,Cmp017,EAST,831,finance_ops
B-CMP017-2026-01-12-WEST,2026-01-12 12:00:00,Cmp017,WEST,946,growth_marketing
B-CMP017-2026-01-13-NORTH,2026-01-13 12:00:00,Cmp017,NORTH,1316,finance_ops
B-CMP017-2026-01-13-SOUTH,2026-01-13 12:00:00,cmp017,SOUTH,1376,finance_ops
B-CMP017-2026-01-13-EAST,2026-01-13 12:00:00,CMP017,EAST,1414,finance_ops
B-CMP017-2026-01-13-WEST,2026-01-13 12:00:00,Cmp017,WEST,650,finance_ops
B-CMP017-2026-01-14-NORTH,2026-01-14 12:00:00,Cmp017,NORTH,436,growth_marketing
B-CMP017-2026-01-14-SOUTH,2026-01-14 12:00:00,cmp017,SOUTH,486,finance_ops
B-CMP017-2026-01-14-EAST,2026-01-14 12:00:00,Cmp017,EAST,422,growth_marketing
B-CMP017-2026-01-14-WEST,2026-01-14 12:00:00,CMP017,WEST,923,brand_team
B-CMP018-2026-01-05-NORTH,2026-01-05 12:00:00,Cmp018,NORTH,685,finance_ops
B-CMP018-2026-01-05-SOUTH,2026-01-05 12:00:00,Cmp018,SOUTH,732,growth_marketing
B-CMP018-2026-01-05-EAST,2026-01-05 12:00:00,Cmp018,EAST,606,growth_marketing
B-CMP018-2026-01-05-WEST,2026-01-05 12:00:00,cmp018,WEST,1327,growth_marketing
B-CMP018-2026-01-06-NORTH,2026-01-06 12:00:00,cmp018,NORTH,460,finance_ops
B-CMP018-2026-01-06-SOUTH,2026-01-06 12:00:00,Cmp018,SOUTH,906,brand_team
B-CMP018-2026-01-06-EAST,2026-01-06 12:00:00,Cmp018,EAST,777,brand_team
B-CMP018-2026-01-06-WEST,2026-01-06 12:00:00,Cmp018,WEST,1478,brand_team
B-CMP018-2026-01-07-NORTH,2026-01-07 12:00:00,Cmp018,NORTH,773,brand_team
B-CMP018-2026-01-07-SOUTH,2026-01-07 12:00:00,Cmp018,SOUTH,697,finance_ops
B-CMP018-2026-01-07-EAST,2026-01-07 12:00:00,Cmp018,EAST,1336,growth_marketing
B-CMP018-2026-01-07-WEST,2026-01-07 12:00:00,Cmp018,WEST,1276,growth_marketing
B-CMP018-2026-01-08-NORTH,2026-01-08 12:00:00,Cmp018,NORTH,315,brand_team
B-CMP018-2026-01-08-SOUTH,2026-01-08 12:00:00,Cmp018,SOUTH,728,brand_team
B-CMP018-2026-01-08-EAST,2026-01-08 12:00:00,CMP018,EAST,1010,brand_team
B-CMP018-2026-01-08-WEST,2026-01-08 12:00:00,Cmp018,WEST,938,brand_team
B-CMP018-2026-01-09-NORTH,2026-01-09 12:00:00,Cmp018,NORTH,1371,growth_marketing
B-CMP018-2026-01-09-SOUTH,2026-01-09 12:00:00,Cmp018,SOUTH,988,finance_ops
B-CMP018-2026-01-09-EAST,2026-01-09 12:00:00,Cmp018,EAST,1224,brand_team
B-CMP018-2026-01-09-WEST,2026-01-09 12:00:00,Cmp018,WEST,1128,brand_team
B-CMP018-2026-01-10-NORTH,2026-01-10 12:00:00,cmp018,NORTH,771,finance_ops
B-CMP018-2026-01-10-SOUTH,2026-01-10 12:00:00,CMP018,SOUTH,578,finance_ops
B-CMP018-2026-01-10-EAST,2026-01-10 12:00:00,Cmp018,EAST,1193,growth_marketing
B-CMP018-2026-01-10-WEST,2026-01-10 12:00:00,CMP018,WEST,997,finance_ops
B-CMP018-2026-01-11-NORTH,2026-01-11 12:00:00,Cmp018,NORTH,852,finance_ops
B-CMP018-2026-01-11-SOUTH,2026-01-11 12:00:00,Cmp018,SOUTH,397,growth_marketing
B-CMP018-2026-01-11-EAST,2026-01-11 12:00:00,Cmp018,EAST,901,growth_marketing
B-CMP018-2026-01-11-WEST,2026-01-11 12:00:00,Cmp018,WEST,801,growth_marketing
B-CMP018-2026-01-12-NORTH,2026-01-12 12:00:00,Cmp018,NORTH,1180,brand_team
B-CMP018-2026-01-12-SOUTH,2026-01-12 12:00:00,Cmp018,SOUTH,546,growth_marketing
B-CMP018-2026-01-12-EAST,2026-01-12 12:00:00,Cmp018,EAST,738,brand_team
B-CMP018-2026-01-12-WEST,2026-01-12 12:00:00,cmp018,WEST,452,brand_team
B-CMP018-2026-01-13-NORTH,2026-01-13 12:00:00,cmp018,NORTH,1017,growth_marketing
B-CMP018-2026-01-13-SOUTH,2026-01-13 12:00:00,Cmp018,SOUTH,1022,brand_team
B-CMP018-2026-01-13-EAST,2026-01-13 12:00:00,Cmp018,EAST,1399,brand_team
B-CMP018-2026-01-13-WEST,2026-01-13 12:00:00,Cmp018,WEST,317,brand_team
B-CMP018-2026-01-14-NORTH,2026-01-14 12:00:00,Cmp018,NORTH,400,brand_team
B-CMP018-2026-01-14-SOUTH,2026-01-14 12:00:00,Cmp018,SOUTH,636,finance_ops
B-CMP018-2026-01-14-EAST,2026-01-14 12:00:00,Cmp018,EAST,744,finance_ops
B-CMP018-2026-01-14-WEST,2026-01-14 12:00:00,Cmp018,WEST,1205,brand_team
